x1,x2,y,split
-0.64213037,0.27982633,1.40939206,train
-0.06546320,-0.25899895,-0.92616899,val
-0.29016533,0.58103649,-0.47645409,train
0.81028767,-0.64529362,0.71954843,test
0.30556961,-0.40339447,-0.56794487,train
0.93392440,0.83970032,0.04021570,train
0.27174161,0.50546419,0.15496781,train
0.03030739,0.65179052,-0.69038994,val
-0.10323891,-0.32237509,-0.73628529,train
-0.44420157,-0.54733389,0.53275801,test
0.05163369,-0.13817588,-0.77380965,train
0.32636124,-0.97431904,0.12868179,test
-0.10459620,-0.26963840,-1.22240508,test
-0.60920480,0.18973174,1.07910182,train
-0.12937369,-0.40001699,-0.61524039,train
-0.58116776,0.74924811,-0.91878121,train
0.59492463,0.21341935,1.23005607,train
-0.30979884,0.89363958,-0.60161288,train
0.12675475,-0.13447452,-0.76833961,train
0.80089920,-0.36131639,-0.35826205,train
0.39198974,-0.37235935,-0.41796211,train
-0.47689391,0.40168178,0.82958543,train
-0.54421604,-0.01377935,0.23825253,val
0.16005691,-0.62218727,0.80000761,train
0.46248132,0.09696613,0.70048977,val
0.24300652,-0.25571137,-1.08156474,train
-0.15961348,-0.01034064,-0.14778008,train
-0.06005818,0.35127845,0.81973609,test
0.15435501,-0.16745871,-0.68794103,train
-0.99639529,0.58806212,-0.21104105,train
0.03876844,-0.34691067,-0.76970574,test
-0.00008996,-0.81310813,0.77278231,test
0.80940815,0.97947234,0.58041196,test
-0.88252956,-0.28353756,-0.20464922,test
0.46012916,-0.37152374,-0.74205980,train
0.13409952,-0.16685808,-0.95107713,train
0.54842432,0.91692880,0.20045278,train
0.77679085,0.24187093,1.52329298,val
-0.67945137,0.89412417,-0.60318256,train
-0.95273514,-0.40458109,0.23631121,test
-0.43677301,0.34365196,0.94014303,train
-0.02527387,-0.81422290,0.84547997,test
-0.97428422,0.20863149,1.53611465,train
-0.01703334,0.20276424,1.08516039,train
0.12804773,0.78091822,-0.95819182,val
0.83679372,-0.62348568,0.64417847,train
0.88424174,0.57545325,0.26662299,train
0.27805250,0.31921453,1.09758508,train
0.09212046,0.83452660,-0.68336593,train
-0.53347359,0.19863198,1.13822756,train
0.62848612,-0.73047710,1.21072487,train
0.23101655,-0.19433305,-1.04929632,train
0.53207268,-0.86457128,0.87351702,test
0.21362876,0.71415738,-0.84134744,val
0.25669572,-0.35732461,-0.69973990,train
0.31159211,-0.32369431,-1.22041817,test
0.33718558,-0.74331120,1.06048400,train
-0.44001651,-0.93456324,0.76876171,train
-0.83218122,0.10953924,1.30337884,train
-0.53660356,0.03216518,0.41624087,train
0.31913907,0.76237236,-0.92083044,train
-0.28987797,-0.36264207,-0.74483402,train
-0.37266652,-0.76430071,1.28427002,train
0.32636673,0.63930916,-0.55191819,train
-0.05399028,0.11659479,0.59159141,val
0.91696023,0.39783034,1.24156606,val
0.49006977,0.77899671,-0.44252716,train
-0.56841885,0.30033212,1.06258143,test
0.43478901,0.68445586,-0.64348746,train
-0.31242891,0.37758941,0.64085101,val
0.20880121,-0.18127793,-0.72881874,test
-0.79662849,-0.29390313,-0.26704084,train
0.92696950,-0.56695300,0.62449891,train
-0.77272401,-0.26464115,-0.48474233,train
-0.79803842,-0.46560214,0.30648712,val
0.82891224,-0.36243584,-0.20739285,train
0.17177903,-0.52251044,0.16993686,train
0.33595985,-0.74468722,0.91973275,train
0.57961877,-0.15410791,-0.67390816,train
-0.63267923,0.51649913,0.07862769,val
0.10856508,-0.12370998,-0.72934066,train
-0.51874792,0.56273179,-0.15649771,train
-0.26942989,-0.91381862,0.57819217,val
0.93073854,-0.93907038,0.39476793,val
-0.75906184,-0.06837494,0.18201233,train
-0.58429012,-0.32972992,-0.59290063,train
0.13513048,0.91568390,-0.26030307,train
0.87262445,-0.85220805,1.06757174,test
0.70662731,-0.66435269,0.81049415,train
0.62286575,-0.40730556,-0.47845912,test
0.43566871,0.43758641,0.61628618,train
0.70110252,0.95925170,0.40065407,train
-0.44903829,0.25661692,1.11901057,train
0.47852159,-0.84074132,0.72745517,val
0.32592268,-0.35696897,-0.77651791,test
-0.67706191,0.09894312,0.98997186,val
-0.07623281,0.15415967,0.98224340,val
0.28383518,-0.00266228,-0.05551625,test
0.81030141,-0.64417160,0.95774272,test
-0.42241670,-0.28755672,-0.80186164,val
0.54876404,0.30419623,1.07486239,train
-0.58715464,0.48888378,0.28014769,train
0.54307408,0.54048293,0.16934844,val
-0.84325419,-0.57572170,1.26108680,test
0.79077005,0.75886412,-0.27391747,train
-0.58885468,0.10275132,0.91859430,test
-0.47463348,-0.16743046,-0.55537727,train
-0.95811031,-0.43647953,0.60228465,train
-0.45863820,0.83826098,-0.91552705,train
0.17594043,-0.64496701,0.79688355,train
-0.14487091,-0.01412768,-0.11958988,train
0.27472023,0.06489570,0.41953781,train
-0.15801459,-0.37841398,-0.52662512,val
0.14999902,0.95166403,-0.20548392,train
0.10597393,0.77402429,-0.95819731,train
-0.96945513,-0.59380519,1.57396764,val
0.72953596,0.13894579,1.26937335,train
-0.02488384,-0.26239142,-1.08378731,test
-0.40946857,0.35765959,0.74621914,test
-0.26852989,-0.12953059,-0.57360325,train
0.55369658,0.89236595,-0.10111618,val
0.98731371,-0.03016953,0.45388046,train
-0.72366189,-0.95015280,1.16198175,train
-0.01068659,-0.84729002,0.81162077,train
-0.76457384,-0.53032184,0.56953989,train
0.98398620,-0.67554288,1.14244047,train
-0.77973576,0.83184755,-0.94634471,train
0.24413948,0.47980140,0.36433619,train
-0.29053309,0.86766502,-0.74526348,train
0.95220127,0.11691140,1.37486015,test
0.97368055,0.01158871,0.46391854,test
-0.12051943,0.57086800,-0.63221042,train
0.28849534,-0.59893929,0.53615646,val
0.02987857,-0.96708108,-0.02208346,train
0.75131970,0.08489177,1.04849868,val
-0.90762594,0.87551785,-0.53782856,train
0.99887294,0.47461085,1.07713650,train
-0.13735309,0.18283856,0.90531679,train
-0.97953620,-0.78310135,1.91961356,val
-0.33800112,-0.17746262,-0.91314021,val
0.51189766,-0.65854045,0.62641507,train
-0.76779053,0.39492787,0.87712281,val
0.77606424,0.75933450,-0.23329035,train
0.48383240,0.96713460,0.16428396,train
0.04418421,0.54893755,-0.32307118,train
-0.16564513,-0.29348868,-1.03219599,test
0.82164418,-0.13858599,-0.31910222,train
0.49294207,-0.00595477,-0.16294866,train
-0.77557415,-0.74624784,1.57763448,train
0.02024517,0.41535580,0.43259752,train
0.48496842,-0.32860583,-0.85655724,test
-0.98157868,0.06671285,1.07485679,train
-0.62086602,-0.35976006,-0.41304840,train
0.13289827,-0.21633406,-0.96106663,train
-0.08199673,-0.89908210,0.78350143,test
-0.63396917,0.68379117,-0.68546884,train
0.02376285,0.77023541,-0.90466852,test
0.71460200,-0.61366005,0.94300325,train
-0.20080632,0.05155660,0.54891058,train
-0.80496970,-0.82928768,1.71026358,test
0.68297312,0.65342724,-0.43962890,val
-0.23342127,0.41316936,0.62946008,train
0.03586622,0.49530704,-0.08012466,train
-0.36962979,-0.05192756,0.00814536,test
0.78591266,0.63328814,0.14526635,train
-0.38007249,0.76354216,-1.10255148,test
-0.20256213,0.36475989,0.61091274,train
0.42302110,-0.19663006,-0.94326602,test
0.65418761,-0.06929657,-0.15267919,train
0.92137740,0.87339787,0.43618279,val
0.80053083,0.81670692,-0.28619966,train
-0.70590691,0.29666820,1.30724798,train
0.48222908,0.05751833,0.28187371,test
0.05844197,-0.59713818,0.70372945,test
-0.67842699,0.56626866,-0.28178815,train
-0.70078885,0.45639394,0.47839473,train
-0.84586302,-0.17549578,-0.33008987,val
-0.95197734,0.32074534,1.49682360,train
-0.41416825,-0.06459983,-0.21682923,test
-0.42710256,0.03154887,0.52043823,train
0.31529352,-0.66617328,0.61588800,train
0.55409804,0.56503073,-0.13447525,val
0.88433126,-0.23860952,-0.71703878,test
0.74626252,-0.81262901,1.09632098,train
0.98781262,-0.57558505,0.65350992,train
-0.25230171,-0.81299309,1.36153141,train
0.67028347,-0.02813404,0.14023321,test
0.92480289,-0.71076859,1.38642293,val
0.78364353,-0.28090776,-0.77735993,train
-0.52741863,0.31424631,1.05503366,test
-0.93962306,0.05093945,0.98362733,train
-0.05278962,-0.90298973,0.51350929,train
-0.13163553,-0.39016163,-0.62616334,train
-0.50270360,0.86058750,-0.62068218,train
0.19659369,-0.69168499,1.04465294,train
0.51426325,-0.26086662,-0.81014482,val
0.19770133,-0.24013013,-0.75789107,val
0.27709171,0.36387408,0.62543364,val
-0.43293147,0.66211538,-0.82855149,test
0.23626150,0.21053719,0.98759725,train
-0.56398814,-0.49207491,0.48249406,val
-0.20924590,-0.93225460,0.67428782,test
-0.89053771,0.32536414,1.44056406,train
-0.36704288,0.44048895,0.30710614,val
-0.85034711,0.48026250,0.49305286,train
-0.57164234,0.73910311,-0.85053659,val
0.81306448,0.37862661,1.46316586,test
-0.21142666,-0.94870421,0.33716322,train
0.52222635,0.12563514,0.85164364,train
-0.83541750,0.14147437,1.23526045,test
-0.98768866,-0.09724678,0.32457575,train
0.22651336,0.60531725,-0.43557467,train
-0.41878818,-0.53590897,0.62379446,train
-0.33781264,-0.88161071,0.67163066,train
0.86299893,0.76127016,-0.18026546,train
0.20427234,-0.85082515,0.80812874,test
-0.83274470,0.86416482,-0.59561064,train
-0.75000088,-0.70866252,1.39900072,train
0.57094040,-0.39693720,-0.35627151,val
-0.17689163,-0.17995314,-0.82544200,test
0.40013211,-0.05533548,-0.29569865,train
0.62441003,-0.00812171,0.36310832,val
-0.41908077,-0.61084622,0.68493682,val
0.51002650,-0.56098402,0.35153785,val
0.21781562,0.20280836,1.11774342,train
0.92649518,-0.82075854,1.16856745,train
-0.58495915,0.32310611,1.01440523,train
-0.33820103,-0.74283426,1.18621307,train
0.79073721,0.46295279,0.82337562,test
-0.55489570,-0.80957939,1.47496754,train
0.68482457,0.13992390,1.10989270,test
0.85915725,0.03436307,0.82705437,train
-0.53824328,-0.73287579,1.14379522,val
-0.16417417,0.36803498,0.87355132,train
-0.99139962,-0.20929639,0.11727177,train
-0.19234310,0.34202262,0.89041205,train
-0.61007615,0.75214290,-0.97918945,test
-0.34982375,0.65361596,-0.91503186,val
0.65524525,0.76976019,-0.35559696,train
-0.48234184,0.67973155,-0.98320239,test
-0.53898526,-0.20111400,-0.79389189,val
-0.64463376,-0.03173818,-0.15244967,train
-0.84961115,0.91368433,-0.36987719,train
-0.97400678,-0.00680771,0.58973765,train
0.67619059,-0.73497015,1.03880185,train
0.19420366,0.06216506,0.41289801,train
0.51507313,0.39718948,0.80500621,test
0.65002694,0.58656733,-0.00859405,val
0.16571989,-0.30007162,-1.08614777,train
-0.78514329,-0.67236441,1.56498609,train
0.74241515,-0.46699875,-0.02716768,val
0.78806134,-0.38782731,-0.57096573,train
-0.88548588,-0.42000503,0.10765150,train
-0.23069885,-0.79263978,1.02191223,train
-0.14047741,0.59588582,-0.66220892,val
-0.17236023,-0.01253171,-0.02567821,train
0.99754590,-0.56936095,0.78613015,train
0.08782932,0.97551257,-0.11115309,train
-0.00855113,0.18283861,0.86248873,test
0.09341283,-0.76946160,0.65188617,train
0.43227105,0.82414727,-0.59930538,train
0.85315277,0.17333750,1.36860574,train
-0.29497743,0.35102061,0.79518626,test
0.88923421,0.95627172,0.61545248,val
-0.43408975,0.87137311,-0.70157776,train
0.46057818,0.74367424,-0.68496722,train
-0.66503798,0.95249341,-0.21621667,train
0.50703541,-0.66696524,0.97160084,test
0.08024162,-0.77693316,0.89105434,train
0.44917560,0.19036128,1.21242643,test
0.15657427,0.69445847,-0.84074647,train
0.53945839,-0.81656929,0.77029848,train
0.52427817,0.08293134,0.69804101,train
-0.62243871,-0.30564144,-0.56189711,val
0.01838817,0.71769156,-0.82024085,train
0.76380574,-0.79579567,1.02152171,train
-0.11569109,0.68705839,-0.76468456,train
0.20472746,0.71032376,-0.77465083,val
0.19452023,-0.55392823,0.05129490,train
0.00570514,0.03030968,0.06513241,val
0.78815583,-0.28849545,-0.57936201,train
-0.53002076,0.49771594,-0.09554391,val
-0.16083814,-0.03129868,-0.11762317,test
0.95317297,0.34929079,1.77998641,test
0.34369791,0.86777666,-0.53882315,test
0.43258963,0.90954475,-0.04159314,test
0.26660601,0.17482981,1.12245317,val
-0.43154715,-0.53840783,0.47876419,test
0.06300473,-0.88188736,0.64684864,val
-0.66342401,0.41673844,0.69121285,val
0.35802249,-0.94331372,0.32293721,test
-0.67366960,0.23564869,1.04734911,train
-0.18469170,0.17793178,0.88927423,val
-0.74259663,0.72497133,-1.07161646,val
-0.48212966,-0.25119148,-0.81812022,val
-0.10125996,0.18565851,0.89083896,val
0.96103728,-0.58114164,0.63720104,train
-0.67522961,-0.70932675,1.37453179,train
0.54946610,-0.23508860,-0.89663250,train
0.85393341,-0.86688134,1.14179516,val
0.06311285,0.51447273,-0.23819480,train
0.01417087,-0.18680214,-0.90842939,train
0.62303176,0.01820780,0.28431764,train
0.81307311,-0.52279446,0.34795399,train
0.19691146,0.26895845,1.16475712,test
0.81426170,-0.81348877,1.09166033,test
0.61144079,0.36697948,1.16681669,val
0.72121883,0.21771721,1.48077020,train
-0.09245469,0.59265279,-0.50217827,train
-0.43163105,-0.88916359,0.70438547,train
0.49993015,0.62474775,-0.32854340,val
0.65735839,-0.10462206,-0.35314222,train
0.46534780,0.42728527,0.73984663,train
-0.42290153,0.53107807,-0.08077031,test
0.92838184,-0.29579147,-0.44299360,val
-0.45310898,0.16771679,1.05787223,test
0.75562037,0.21658321,1.31896431,train
0.94009621,0.84522779,0.24340593,test
0.42143958,0.41378772,0.71399170,train
-0.64389255,-0.31790112,-0.52817701,train
0.62029146,-0.19908731,-0.58566566,train
-0.54388661,-0.87375343,1.09866314,val
-0.55390703,0.15422605,0.91640045,train
0.84827374,-0.21695742,-0.72447575,train
0.57907054,-0.74240921,0.98316294,train
0.64547264,0.85506603,-0.09381298,val
0.00512121,-0.09044992,-0.73855950,train
0.81621907,-0.54436145,0.54947264,test
0.84125475,0.83500043,-0.31805133,train
0.91509147,0.78225454,-0.11827355,train
0.05146927,0.36353487,0.81987587,train
0.06599298,-0.39650607,-0.68006451,train
0.98127920,-0.95005789,0.37232698,train
-0.49694435,0.85729077,-0.86558508,val
0.90461710,-0.44236936,0.13719549,train
0.99956661,0.62528792,0.48254925,train
0.55371712,0.14369093,1.22095629,train
-0.21145538,-0.98151816,0.33281166,val
-0.26883891,-0.25043270,-0.87247171,train
-0.83702431,-0.83099155,1.82979575,train
-0.47326268,-0.01129392,-0.05021013,train
0.54823902,0.17775814,1.04155882,train
0.08192504,0.59319429,-0.36868002,train
0.69600250,-0.12031217,-0.28599794,train
0.21433340,0.84254687,-0.60818564,val
-0.84037922,0.21781313,1.40908223,test
0.55302516,-0.14533311,-0.71653615,val
0.49988306,0.68007364,-0.68973943,train
0.52868793,0.07361385,0.77389586,val
0.44874023,0.41867176,0.85388417,val
-0.23326790,-0.95746622,0.27938378,train
0.89943317,-0.06460968,0.05359233,test
-0.40298605,-0.49893651,0.19518145,train
-0.20101312,0.15576059,0.94734324,train
0.03551305,-0.23561076,-1.04008119,train
-0.84446134,0.96151504,-0.24852638,train
-0.96857616,0.83953267,-0.47716518,test
-0.93642714,0.01085385,0.74856186,train
0.57093557,0.32715116,1.12304678,test
0.41148476,-0.80501556,0.81462312,test
