dataset,model,lot,coord,grad_analytique,grad_numerique,erreur_relative
nonlinear,OLS,lot complet,0,0.06286511054669668,0.062865110539434,5.776396882557056e-11
nonlinear,OLS,lot complet,1,-0.01564274957989158,-0.01564274959564571,5.035601494011483e-10
nonlinear,OLS,lot complet,2,0.6608028124228532,0.6608028124299725,5.386860506288798e-12
nonlinear,OLS,mini-lot 32,0,-0.2164475522291067,-0.21644755222594012,7.31488547282636e-12
nonlinear,OLS,mini-lot 32,1,0.3008310625439962,0.30083106254408243,1.4328443534570686e-13
nonlinear,OLS,mini-lot 32,2,0.627808990719277,0.627808990727452,6.51075115227769e-12
nonlinear,Ridge,lot complet,0,0.06286511054669668,0.062865110539434,5.776396882557056e-11
nonlinear,Ridge,lot complet,1,-0.22451887857273248,-0.22451887858876415,3.57022894646534e-11
nonlinear,Ridge,lot complet,2,1.6733999327041604,1.6733999327167568,3.763705300378902e-12
nonlinear,Ridge,mini-lot 32,0,-0.2164475522291067,-0.21644755222594012,7.31488547282636e-12
nonlinear,Ridge,mini-lot 32,1,0.09195493355115533,0.09195493355096394,1.0406650533399451e-12
nonlinear,Ridge,mini-lot 32,2,1.640406111000584,1.6404061110142363,4.16122275990136e-12
nonlinear,Kernel,lot complet,8,0.07402587428511527,0.0740258742748523,6.932016087886341e-11
nonlinear,Kernel,lot complet,57,-0.08099508501271735,-0.0809950850166885,2.451480071945627e-11
nonlinear,Kernel,lot complet,66,0.03434185980641035,0.03434185980033533,8.844923461244577e-11
nonlinear,Kernel,lot complet,108,-0.38011535937959895,-0.38011535941073754,4.0959396845555706e-11
nonlinear,Kernel,lot complet,135,0.0017547132830744983,0.0017547132635797877,5.5549561371924e-09
nonlinear,Kernel,lot complet,179,-0.006852923221059661,-0.006852923228883866,5.708662251745716e-10
nonlinear,Kernel,mini-lot 32,8,0.2863270350345819,0.2863270350372815,4.714221809930995e-12
nonlinear,Kernel,mini-lot 32,57,0.02724602035044329,0.027246020350979446,9.83913333517541e-12
nonlinear,Kernel,mini-lot 32,66,0.2379591218659336,0.2379591218737431,1.6409337416605515e-11
nonlinear,Kernel,mini-lot 32,108,-0.2823265316396339,-0.2823265316420631,4.302152325027182e-12
nonlinear,Kernel,mini-lot 32,135,0.1392166190254289,0.13921661903282256,2.6554548810090218e-11
nonlinear,Kernel,mini-lot 32,179,0.20841582224913846,0.20841582222264063,6.356962591020529e-11
