model,method,eta,lambda,sigma,best_epoch_mean,val_rmse_mean,test_mse_mean,test_rmse_mean,test_mae_mean,test_r2_mean,step_time_mean,val_rmse_std,test_mse_std,test_rmse_std,test_mae_std,test_r2_std,step_time_std
OLS,GD,1.0,0.0,,1.0,0.7309342546511983,0.678818385625175,0.8239041622708623,0.6947883458843959,-0.0018667639519932926,0.00015001366669290897,0.00024440627229492664,0.001136256226124079,0.0006895845745592226,0.0005148879112016589,0.0016769984025090797,4.0804069070308105e-05
OLS,GD+LS,,0.0,,1.0,0.7314709665970783,0.6803427262683747,0.8248284248219658,0.6950294967741524,-0.004116535407367709,0.0001606740000473413,0.0008019165960926871,0.001803124027332558,0.0010926166453020878,0.0008975283683040856,0.0026612273216555233,1.5069890470540704e-05
OLS,SGD,0.31622776601683794,0.0,,243.33333333333334,0.7194654116612088,0.6686256478260194,0.8176922709693546,0.6774737115328878,0.013176678374994477,0.020443241999733647,0.0012071471290452,0.00447366930154258,0.0027380165262738993,0.00516901890874928,0.006602680011384795,0.0005648421613885438
OLS,Momentum,0.1,0.0,,242.66666666666666,0.7184462297494542,0.6663525593706522,0.8163035313162129,0.6777728467228208,0.016531525301920407,0.021938708333171537,0.00013625465939371645,0.002101395744829377,0.0012869331758708807,0.005685341905845531,0.003101445982073271,0.000107756103446583
OLS,AdaGrad,3.1622776601683795,0.0,,174.0,0.7177755978351946,0.6678334434348875,0.8172087318148509,0.6717700286329134,0.014345891328766883,0.025148600333333587,0.000637041705078149,0.0036517319480761454,0.0022356477083551023,0.006423952546197223,0.005389584235067123,0.001147321448964888
OLS,RMSprop,0.31622776601683794,0.0,,98.0,0.7177944989317716,0.6663854338977191,0.8163166528023061,0.6678222731630602,0.016483005849962984,0.02667395566665694,0.0007490183861137584,0.007084737731239878,0.004339859794653593,0.004618052321034994,0.010456350939447282,0.0010077060976672488
OLS,Adam,0.31622776601683794,0.0,,82.33333333333333,0.7180219648510819,0.6710185321873393,0.8191492312603529,0.6737050876678916,0.009645024898374044,0.033966222000022604,0.0008923868823030146,0.007254016069594734,0.0044276031177688455,0.0030369927521620046,0.010706188516988173,0.0004390062268423784
Ridge,GD,0.31622776601683794,3.1622776601683795,,1.0,0.7422308166040934,0.6689662992425914,0.8178959387241598,0.708970012885509,0.012673911597335183,0.0006766793335373222,0.005915028213334903,0.007085067231195726,0.004335780399816565,0.004901191560370262,0.010456837247805214,8.36716481615144e-05
Ridge,GD+LS,,3.1622776601683795,,15.0,0.7498623205308683,0.6775420953870498,0.8231223065363106,0.7204818306714634,1.6910382425794346e-05,0.0003026730000025661,0.00012807318144617208,0.006925552585580432,0.004200690906396505,0.005362606866139378,0.010221409885804266,2.9609034212911337e-05
Ridge,SGD,0.31622776601683794,3.1622776601683795,,40.333333333333336,0.722260766813346,0.6572270404145965,0.8106921411152923,0.6834352288841323,0.029999861368666725,0.019806290333254612,0.0003951517360150599,0.004572378590830729,0.0028176448940447282,0.004338821841411481,0.006748364863659463,0.0007355454125526899
Ridge,Momentum,0.1,3.1622776601683795,,61.0,0.7229262355058291,0.660734785435917,0.812853777639558,0.6882658568060022,0.024822787164875515,0.02099812766677663,0.004162997443753651,0.0037392299043196697,0.0022983514800305133,0.006588943780159449,0.005518722302229798,0.00010244511324919016
Ridge,AdaGrad,1.0,3.1622776601683795,,9.333333333333334,0.7302208918449371,0.6592880785020307,0.8119610166763246,0.6966208648130889,0.026957979176365998,0.023766661333525008,0.006242488788321164,0.005398861398818366,0.0033284906443925887,0.008976021741310486,0.007968169267657654,0.00019936681220466906
Ridge,RMSprop,0.31622776601683794,3.1622776601683795,,55.0,0.7206765021509266,0.6669294304816611,0.8166472336729359,0.6756403338418581,0.015680122326628743,0.03936348966683075,0.0016743658886653487,0.00817503911010689,0.005008924435790202,0.017379434772087206,0.012065524670314735,0.006780008977227778
Ridge,Adam,1.0,3.1622776601683795,,161.0,0.7214849800129809,0.661933325060399,0.8135876085601965,0.6811575310375172,0.023053864813218732,0.03920133633333004,0.0036034455087177644,0.00581533712719481,0.003576644593664444,0.0073082936380992995,0.008582845002860037,0.0027939933413437873
Kernel,GD,0.1,0.0001,0.686654357202708,2000.0,0.3191165676522088,0.10658677526884193,0.3264762269662103,0.24319337398178162,0.8426887811526701,0.04557393166601287,0.00024034499797374095,0.0001761467817742341,0.00026970747900600456,0.00016138579153715182,0.00025997470011687864,0.0009874884668689284
Kernel,GD+LS,,0.0001,0.686654357202708,1999.0,0.25019296831973264,0.06589183651861516,0.25664501856122396,0.188576417887146,0.9027503638355925,0.07585905666574415,0.004815604704607785,0.003175700891556595,0.0061446276930536455,0.004633501114269301,0.004687010904357073,0.009508167088992844
Kernel,SGD,0.1,0.0001,0.686654357202708,298.0,0.30741702306607116,0.10938540592869624,0.33071600693584413,0.24835586497728368,0.8385582874859395,0.04227325933319056,0.001971655291978217,0.0028355552500050588,0.004300352039123836,0.004395974123383219,0.004184990599088312,0.0005222889994053479
Kernel,Momentum,0.1,0.0001,0.686654357202708,275.6666666666667,0.2006093850462195,0.03790156287821466,0.19464322184582808,0.14669889435818861,0.9440611554524289,0.04462904966667717,0.00173374786888576,0.0018690557167591831,0.004834108142731058,0.003965979698863194,0.0027585357766509665,0.0002745890512095074
Kernel,AdaGrad,0.31622776601683794,0.0001,0.686654357202708,284.6666666666667,0.2647892453112322,0.08587467942309668,0.2929358233525303,0.21575649710280764,0.8732577240084671,0.05348570966683989,0.006390609607435078,0.005661319049294663,0.009742906640614342,0.00961825118925293,0.008355530014693047,0.00728539219119302
Kernel,RMSprop,0.01,0.0001,0.686654357202708,282.3333333333333,0.24716517846619745,0.07201462650803081,0.26833943675151567,0.19785880925348645,0.8937137497382827,0.05835477066710837,0.003784933215880667,0.0019219927659114404,0.003586054637793155,0.0034361770279752323,0.0028366654667867364,0.008627346458965854
Kernel,Adam,0.1,0.0001,0.686654357202708,257.6666666666667,0.18521218164749717,0.030347193436805805,0.17393012384480708,0.1371655297942669,0.9552106349394816,0.06059995099997195,0.010469156081247455,0.004117897018442804,0.011969051098721874,0.01178141078607611,0.006077596375583276,0.0012180433051271395
