method,eta,val_loss,diverged
GD,0.0001,1.1004084415597728,False
GD,0.0002782559402207126,1.0983448845985695,False
GD,0.000774263682681127,1.0930112660334839,False
GD,0.002154434690031882,1.0764654964991731,False
GD,0.005994842503189409,0.962321992962574,False
GD,0.016681005372000592,0.6188695034717412,False
GD,0.046415888336127774,0.5519550728018184,False
GD,0.12915496650148828,0.332873071516139,False
GD,0.3593813663804626,0.1457619801784721,False
GD,1.0,0.15424440941563436,False
SGD,0.0001,1.0999822943059103,False
SGD,0.0002782559402207126,1.097254321504604,False
SGD,0.000774263682681127,1.0900338560662262,False
SGD,0.002154434690031882,1.0641285242268508,False
SGD,0.005994842503189409,0.8454556680503423,False
SGD,0.016681005372000592,0.5935975555259554,False
SGD,0.046415888336127774,0.5311079761682315,False
SGD,0.12915496650148828,0.21462048258912356,False
SGD,0.3593813663804626,0.11862679857877806,False
SGD,1.0,0.06804098487895038,False
Momentum,0.0001,1.086698194182251,False
Momentum,0.0002782559402207126,1.046164453290832,False
Momentum,0.000774263682681127,0.7311195629576402,False
Momentum,0.002154434690031882,0.5783100242578072,False
Momentum,0.005994842503189409,0.504556882877248,False
Momentum,0.016681005372000592,0.1694132185867324,False
Momentum,0.046415888336127774,0.11835303820708264,False
Momentum,0.12915496650148828,0.08944631891345275,False
Momentum,0.3593813663804626,0.10500440968138369,False
Momentum,1.0,0.322688676560569,False
AdaGrad,0.0001,1.0979969447980669,False
AdaGrad,0.0002782559402207126,1.0901553134334043,False
AdaGrad,0.000774263682681127,1.0563080289232805,False
AdaGrad,0.002154434690031882,0.8904837200036947,False
AdaGrad,0.005994842503189409,0.6336475220547406,False
AdaGrad,0.016681005372000592,0.5662311699114464,False
AdaGrad,0.046415888336127774,0.5223975808506437,False
AdaGrad,0.12915496650148828,0.11956095791043206,False
AdaGrad,0.3593813663804626,0.10904703419007869,False
AdaGrad,1.0,0.06804363827665529,False
RMSprop,0.0001,0.8952077406002668,False
RMSprop,0.0002782559402207126,0.6237722858338864,False
RMSprop,0.000774263682681127,0.5659769586940291,False
RMSprop,0.002154434690031882,0.4954631350594454,False
RMSprop,0.005994842503189409,0.23293109015665778,False
RMSprop,0.016681005372000592,0.15692308236918073,False
RMSprop,0.046415888336127774,0.05627985903791793,False
RMSprop,0.12915496650148828,0.053782366599226326,False
RMSprop,0.3593813663804626,0.0369757479065189,False
RMSprop,1.0,0.534283571097874,False
Adam,0.0001,0.8248900489643798,False
Adam,0.0002782559402207126,0.6144954221254666,False
Adam,0.000774263682681127,0.5630623361843211,False
Adam,0.002154434690031882,0.46105453855053147,False
Adam,0.005994842503189409,0.20942631397169947,False
Adam,0.016681005372000592,0.17141100091869813,False
Adam,0.046415888336127774,0.15933739780059816,False
Adam,0.12915496650148828,0.02887768303984451,False
Adam,0.3593813663804626,0.04253863101312215,False
Adam,1.0,0.3043782611231161,False
