dataset,method,seed,eta,val_loss,test_loss,test_accuracy,test_precision_macro,test_recall_macro,test_f1_macro,best_epoch,epochs_run,diverged,updates
classification_spiral3,GD,42,0.3593813663804626,0.1457619801784721,0.11306434765818618,0.9888888888888889,0.989247311827957,0.9888888888888889,0.9888858016115587,1991,2000,False,2000
classification_spiral3,GD,123,0.3593813663804626,0.12842661390351356,0.091000351915458,0.9888888888888889,0.989247311827957,0.9888888888888889,0.9888858016115588,1998,2000,False,2000
classification_spiral3,GD,2024,0.3593813663804626,0.15539855123141982,0.1243399618922369,0.9888888888888889,0.989247311827957,0.9888888888888889,0.9888858016115587,2000,2000,False,2000
classification_spiral3,GD+LS,42,,0.13288817040795356,0.10922324613538881,0.9888888888888889,0.989247311827957,0.9888888888888889,0.9888858016115587,1452,2000,False,2000
classification_spiral3,GD+LS,123,,0.12706846405967953,0.08895648296138511,0.9888888888888889,0.989247311827957,0.9888888888888889,0.9888858016115588,1081,2000,False,2000
classification_spiral3,GD+LS,2024,,0.19998527311417574,0.18087650843704195,0.9888888888888889,0.989247311827957,0.9888888888888889,0.9888858016115587,1669,2000,False,2000
classification_spiral3,SGD,42,1.0,0.06804098487895038,0.07378100321824846,0.9888888888888889,0.989247311827957,0.9888888888888889,0.9888858016115587,174,300,False,2700
classification_spiral3,SGD,123,1.0,0.09801274807758244,0.07397371976324592,0.9888888888888889,0.989247311827957,0.9888888888888889,0.9888858016115588,86,300,False,2700
classification_spiral3,SGD,2024,1.0,0.0816839462978357,0.06855029319509413,0.9888888888888889,0.989247311827957,0.9888888888888889,0.9888858016115588,74,300,False,2700
classification_spiral3,Momentum,42,0.12915496650148828,0.08944631891345275,0.05060073700200895,0.9888888888888889,0.989247311827957,0.9888888888888889,0.9888858016115587,131,300,False,2700
classification_spiral3,Momentum,123,0.12915496650148828,0.1056711366284242,0.08714282607954058,0.9888888888888889,0.989247311827957,0.9888888888888889,0.9888858016115588,265,300,False,2700
classification_spiral3,Momentum,2024,0.12915496650148828,0.054162789078373005,0.06609045381535289,1.0,1.0,1.0,1.0,235,300,False,2700
classification_spiral3,AdaGrad,42,1.0,0.06804363827665529,0.07664683271736777,0.9777777777777777,0.9781362007168459,0.9777777777777779,0.9777746905004476,263,300,False,2700
classification_spiral3,AdaGrad,123,1.0,0.10459894484381241,0.0778790445529871,0.9888888888888889,0.989247311827957,0.9888888888888889,0.9888858016115588,49,300,False,2700
classification_spiral3,AdaGrad,2024,1.0,0.10412554872277165,0.11529908690200548,0.9888888888888889,0.989247311827957,0.9888888888888889,0.9888858016115588,230,300,False,2700
classification_spiral3,RMSprop,42,0.3593813663804626,0.0369757479065189,0.03763052661864229,1.0,1.0,1.0,1.0,64,300,False,2700
classification_spiral3,RMSprop,123,0.3593813663804626,0.040763103036524924,0.052472002637901236,0.9888888888888889,0.989247311827957,0.9888888888888889,0.9888858016115588,288,300,False,2700
classification_spiral3,RMSprop,2024,0.3593813663804626,0.0689029076302273,0.07094564082081893,0.9888888888888889,0.989247311827957,0.9888888888888889,0.9888858016115588,252,300,False,2700
classification_spiral3,Adam,42,0.12915496650148828,0.02887768303984451,0.027631970072689964,1.0,1.0,1.0,1.0,192,300,False,2700
classification_spiral3,Adam,123,0.12915496650148828,0.030979076205078192,0.030574121104281676,1.0,1.0,1.0,1.0,246,300,False,2700
classification_spiral3,Adam,2024,0.12915496650148828,0.06730217594493912,0.08234525303172464,0.9888888888888889,0.989247311827957,0.9888888888888889,0.9888858016115588,214,300,False,2700
