epoch,updates,time,train_loss,val_rmse
1,9,0.00024573899997903936,0.4159460775947162,72.12966985296389
2,18,0.0003903610000293156,0.37741813187769646,76.87223388829962
3,27,0.0005303880000155914,0.3525707181613821,72.18378568435625
4,36,0.0006676400000173999,0.289745101736821,68.32967127067988
5,45,0.0008028060000242476,0.2479662663318582,59.691066101715045
6,54,0.0009615810000696001,0.2372337945703613,64.13404136381806
7,63,0.0011178120000749914,0.2585170343383324,63.94477063746489
8,72,0.0012612170000920742,0.2333139961169216,63.06907400660016
9,81,0.0013969170001359998,0.22828214397773963,59.73625157485046
10,90,0.0015315640001745123,0.2351145694281286,63.74884806522822
11,99,0.0016660190001971387,0.2546477910530932,61.24305856535762
12,108,0.0018223900001999027,0.23189501497587323,63.2516697395975
13,117,0.00197038800018845,0.24561757486411215,63.847902495645144
14,126,0.0021072900001968264,0.24829881282471084,62.70369283462253
15,135,0.002270824000220273,0.3321490212257649,70.81729980105789
16,144,0.0024082130002511803,0.27085298584596984,66.88948360759915
17,153,0.0025433230002818163,0.2591107315342951,66.6490322959645
18,162,0.0027234460002887317,0.23867203829099884,61.08031692287059
19,171,0.0028619260002642477,0.24047940584057156,61.29104365556471
20,180,0.00302697800026408,0.32345808710065743,70.65832492377069
21,189,0.0031651530002250183,0.3019036930459149,63.295215523363716
22,198,0.003320416000235582,0.28028792877376024,68.45006718908887
23,207,0.003474578000236761,0.2922522418580103,63.16983242159809
24,216,0.003633031000219944,0.23894267796940494,62.425704933143415
25,225,0.003777693000245108,0.2598887776699857,64.7714561187001
26,234,0.003917565000222112,0.27819404120822616,66.43094678744114
27,243,0.0040539110001986955,0.40555533978512665,77.77532968964918
28,252,0.0041900050001686395,0.41489785141655994,76.86052008066987
29,261,0.004354734000173721,0.49885609785789814,84.75211653700845
30,270,0.004513657000188687,0.3920691629894748,74.662164608938
31,279,0.004661274000170579,0.47074528681324307,81.07310913320553
32,288,0.004804804000173135,0.48088089704773535,80.44212871669926
33,297,0.004940626000177417,0.4766914346952107,81.09032387135127
34,306,0.0050763690001645045,0.4019758078915088,74.58291875772028
35,315,0.005242551000151252,0.29933028802991857,68.7687634468582
36,324,0.0053817490001506485,0.2284278778977879,61.95152382546563
37,333,0.005575989000192294,0.2938880910998041,68.1637836347541
38,342,0.005715961000191783,0.2885854876225773,65.82239696770567
39,351,0.005852368000205388,0.2422347531026606,65.36716061811512
40,360,0.005988772000193876,0.2281262170562596,61.26263573997394
41,369,0.006183248000183994,0.22596376782878133,59.61548207792285
42,378,0.006321375000197804,0.22314830924561482,62.00510041795131
43,387,0.006457330000216643,0.26837525137807555,62.07018611542292
44,396,0.00659366500019587,0.2212539894220267,62.62765154587619
45,405,0.006750447000229087,0.23688559934882553,60.544264497383374
46,414,0.006920029000184513,0.25702385481964807,65.6618606203612
47,423,0.007059923000156232,0.3493508872433766,67.56754891484016
48,432,0.007235815000171897,0.34439811500592843,70.84720018505696
49,441,0.0073736030001896324,0.4081842630064263,68.95970816778195
50,450,0.007520172000170078,0.22978597472950366,64.25943579841268
51,459,0.007657423000182462,0.25916123723973855,64.14331609338126
52,468,0.007829340000228058,0.3053022493374803,68.75853222880023
53,477,0.007967324000219378,0.28480148563669894,68.07690684176704
54,486,0.008102887000234205,0.21683570881419417,61.90868024976842
55,495,0.008237043000235644,0.22060057969502825,59.30782052562082
56,504,0.008371986000213383,0.24242871650851922,64.21984013898273
57,513,0.008506428000202959,0.2211274417269859,60.73420216444547
58,522,0.00867561900020064,0.4076297967386008,74.14203727944134
59,531,0.00881346500023028,0.28413697178306585,65.43333840332777
60,540,0.008983673000216186,0.25424977716657154,61.87135129890946
61,549,0.009122542000170597,0.27298700576684076,67.84071377248101
62,558,0.009257076000153575,0.25573228563450495,59.26488708427565
63,567,0.009392486000137978,0.2600962014342652,66.3121561620283
64,576,0.009566661000121712,0.22660869565319347,62.55708769523887
65,585,0.00971182800014958,0.30887225201285984,63.660115710670205
66,594,0.009864085000117484,0.28888195527275873,69.31776392545052
67,603,0.010001720000104797,0.514747638901369,83.55109160564584
68,612,0.010138340000139578,0.3756184466058102,75.50573313536202
69,621,0.0103119200001629,0.3954817241176356,75.18932143856874
70,630,0.010464442000170493,0.24981972207555023,65.25600531887861
71,639,0.01060161000015114,0.23670752222711833,62.99965105770148
72,648,0.010736206000160564,0.25087112899953934,64.27538166490793
73,657,0.010871124000175314,0.23626251123634942,63.89184837182289
74,666,0.011006906000204708,0.26517219323832797,65.29986032977078
75,675,0.011180922000164628,0.23486361019682536,61.723248419873606
76,684,0.011337838000144984,0.31220119087709075,69.19283522503218
77,693,0.0114860510001904,0.28412458912719213,66.49180457959848
78,702,0.011626649000220368,0.2341582377611608,61.93021138879225
79,711,0.011763885000220853,0.3786718013959798,67.07910604053173
80,720,0.011900229000218587,0.318457680737921,70.4092634396844
81,729,0.012074042000222107,0.3213596099605894,66.67600545230844
82,738,0.012214763000201856,0.23289499947541392,63.136223819165494
83,747,0.012389761000235922,0.23032149046944492,60.64707747903656
84,756,0.01252894800023796,0.3439136566589638,72.56144574879549
85,765,0.01266378800022494,0.5108340203763662,83.84167926029185
86,774,0.012799578000226575,0.36800401239782593,73.04173299932475
87,783,0.012972415000206183,0.328593701820237,73.71042792819887
88,792,0.013111213000172484,0.35105655589824053,70.9254781902163
89,801,0.013248005000150442,0.2715629225276203,66.97951757242984
90,810,0.013402245000122548,0.3552758916129921,73.94715118375093
91,819,0.013545427000110521,0.24391238762079978,58.94543399285229
92,828,0.013713587000097505,0.3122294212672376,72.60724518278708
93,837,0.013863009000090187,0.25553396249359345,61.93283877270784
94,846,0.014000208000140901,0.271448870414801,64.79801443955938
95,855,0.0141355900001372,0.3275002136984868,70.15341329981416
96,864,0.014288139000143474,0.2673365636629935,63.33954551078554
97,873,0.01442837200016811,0.2341557020928943,62.67628762122509
98,882,0.014588166000180536,0.22392747551319456,59.410127489996874
99,891,0.014743723000151476,0.23576076669586277,63.906685019203
100,900,0.014881397000181096,0.3341629201441012,65.58329891395738
101,909,0.015038391000132378,0.2353049412528656,62.04873987292319
102,918,0.015175363000139441,0.23203743682581005,61.62213764048243
103,927,0.015311655000118662,0.24312160789165654,64.41655616841287
104,936,0.015482688000133749,0.2462522673397719,64.96197282044025
105,945,0.015624619000163875,0.3298478723183462,70.6034740603384
106,954,0.015797665000206962,0.37905388834441134,69.44552003578008
107,963,0.015937720000238187,0.329664616057943,67.93825747089168
108,972,0.016084448000242446,0.4238453254617401,74.91790046546593
109,981,0.01622259300023643,0.3166325272741305,67.28416163090083
110,990,0.0163930540002184,0.30544583156297567,62.21595476575391
111,999,0.016571945000237065,0.34842154382426727,75.58707038591929
112,1008,0.016709069000228283,0.4797739901002775,80.36851165173108
113,1017,0.016845573000239256,0.3491506503899095,75.61078032029073
114,1026,0.01698128300023427,0.257636328975851,61.56498393144592
115,1035,0.017184330000247883,0.22654612843656194,63.68495110687955
116,1044,0.017325626000229022,0.25859376816546636,60.10487355625959
117,1053,0.017463343000258646,0.2634763874239787,68.03037716605405
118,1062,0.01759858500025757,0.2490772820662002,58.46081472308028
119,1071,0.017733263000252464,0.22854610163777642,62.02750018902309
120,1080,0.017869248000238258,0.2517237935725315,63.158752522255206
121,1089,0.018038931000262437,0.3673746313051572,73.16453913810317
122,1098,0.018183326000269062,0.4122815559454373,75.74390670728816
123,1107,0.01834185800026944,0.352712299413971,72.79610505010484
124,1116,0.01847877000028575,0.21502180824741865,60.39541745038559
125,1125,0.018615518000274278,0.23847828210937658,62.70881428006815
126,1134,0.018750852000266605,0.21241650359216607,60.24015157883139
127,1143,0.01892137100026048,0.26527546007734,65.42891523770895
128,1152,0.01907484400027215,0.29568246376949997,67.50471500970993
129,1161,0.01924777300024516,0.2624601053266397,64.1321680553154
130,1170,0.019385905000206094,0.3429360756019603,69.86414985602335
131,1179,0.01952249900023162,0.36638518901587647,72.86628799827818
132,1188,0.019656566000264775,0.26236243734107373,62.26382695305045
133,1197,0.019827765000229647,0.3998876960657615,76.80587897465446
134,1206,0.01996528900025396,0.287013408467831,65.77953559133469
135,1215,0.02010083500027804,0.3224799506597951,72.30217622418671
136,1224,0.020246818000259736,0.35626220276635484,75.44169139253928
137,1233,0.020384225000270817,0.3514466300130732,69.28630236435853
138,1242,0.020519848000276397,0.3781308757264136,77.02326528525579
139,1251,0.020689842000308545,0.39915290108523815,74.07321945737519
140,1260,0.02082952900030932,0.2454511822169936,64.22122535164965
141,1269,0.020968073000290133,0.26595054099285004,63.360235962351794
142,1278,0.021104743000250892,0.23966820793964683,63.184345418895894
143,1287,0.021240151000256446,0.25198165958128577,60.341529379064234
144,1296,0.02137581100026864,0.23367828657028566,63.96912897499285
145,1305,0.021541412000260607,0.2218616544345869,59.570956359280196
146,1314,0.021701413000243974,0.24929217204788875,65.13793748093806
147,1323,0.021839405000264378,0.2401644811580957,60.00940735933341
148,1332,0.021974129000284393,0.26854958707100207,68.32666190474899
149,1341,0.02211038300032442,0.22762297473000828,62.678126846742224
150,1350,0.02224667900031818,0.2939412718680938,65.34128038931532
151,1359,0.022419879000324272,0.3214933753527755,73.27374301920385
152,1368,0.02255856200031303,0.28311680023259056,64.47861330058463
153,1377,0.022730980000289946,0.3073797357302587,70.17032249734117
154,1386,0.02286920700032624,0.24486462745920887,64.60539584545019
155,1395,0.023004825000327855,0.23691151493573429,62.86124588312374
156,1404,0.02313916700035179,0.25102751000497814,62.39338154733335
157,1413,0.023315099000399186,0.2149516088611875,61.38086377882277
158,1422,0.023454040000387977,0.22218376063573797,58.46842196527388
159,1431,0.023591384000383187,0.23812189643305398,65.41121938159499
160,1440,0.023727658000382235,0.23515986279517653,60.303160582537394
161,1449,0.023863401000369322,0.28007787928862204,67.50130835828054
162,1458,0.024145256000338122,0.3120549050811037,64.07359517796128
163,1467,0.024286788000324577,0.4502486176044892,83.1850537258782
164,1476,0.024424303000330383,0.4197950600045574,73.99112773461717
165,1485,0.024561103000337425,0.32641627718953664,68.83363654312262
166,1494,0.02469672500035358,0.260262502406596,66.12761544945583
167,1503,0.02483182400038686,0.3217569704103318,67.03628247816238
168,1512,0.0249982370004318,0.24696856215623855,63.42165221318835
169,1521,0.02513660900041259,0.2705495859627302,68.84385117083379
170,1530,0.025271425000426007,0.3188732162417107,66.8423282936028
171,1539,0.02540854600044895,0.31164169435936334,69.92725829025235
172,1548,0.02554456800044136,0.41576898844072585,74.33723081087706
173,1557,0.025681373000452368,0.24284430224325046,62.95672876228453
174,1566,0.02584791300046163,0.2552153942910928,62.196992268182456
175,1575,0.025986542000453028,0.26174438681305573,64.69243534781434
176,1584,0.026184991000434366,0.32283130576953845,66.0912832728141
177,1593,0.02632691400043541,0.283262666330012,72.26771713009111
178,1602,0.026464150000435893,0.3186980429745777,64.87569550719304
179,1611,0.02662453100043649,0.2692547494872724,66.49354572436714
180,1620,0.026776841000412333,0.2610375479469148,64.2751873006471
181,1629,0.02691337300041141,0.2474440083866297,64.66898194112431
182,1638,0.027048905000413015,0.25729445225119607,62.11626598516952
183,1647,0.027183846000411904,0.27360120435161955,63.18323471707142
184,1656,0.027317694000430492,0.24604444001303838,65.01775812648103
185,1665,0.02745234200045843,0.23253141337439903,61.01716002921667
186,1674,0.027605860000448956,0.2655428540544355,66.54536142427756
187,1683,0.027744058000450877,0.2657132682282129,66.74493762257471
188,1692,0.027880760000471128,0.26822297688877267,65.21032263534701
189,1701,0.0280176190004795,0.22702120462761463,62.6513857861799
190,1710,0.02816457100044545,0.3533688175428212,70.81894760919113
191,1719,0.02833008500044798,0.2875020972226155,66.90512560522615
192,1728,0.028486515000452073,0.2507249783508492,64.39828583874136
193,1737,0.02862391200045522,0.23286364888064848,60.88211210902696
194,1746,0.028779622000456584,0.24972742595297354,66.35995458268113
195,1755,0.02891729600042936,0.23815743837567568,62.320454240965574
196,1764,0.029052632000400536,0.23531637723736248,58.31922099976056
197,1773,0.02922153700041008,0.423605577367746,77.43643091713145
198,1782,0.029373220000366018,0.433485973833858,74.4891556885631
199,1791,0.029561891000412288,0.4401181039127565,80.92002854838277
200,1800,0.029700961000401094,0.38561719440233433,68.10230825180942
201,1809,0.02983700100043052,0.3021706910201445,71.91913758466185
202,1818,0.02999425200044925,0.3572305401957168,69.9703362466852
203,1827,0.030148715000450466,0.24761595364931716,66.04752939293735
204,1836,0.030285286000435008,0.2791519094098551,60.92925525716411
205,1845,0.030421695000427462,0.2704342626748009,69.52222750451095
206,1854,0.03055755300039209,0.34827911665404765,69.64051926735429
207,1863,0.030693614000369962,0.2962072736937262,69.56816723378
208,1872,0.030889439000361563,0.21434493054594697,59.72262300847172
209,1881,0.03104132400034132,0.2242893662567092,60.996909271662304
210,1890,0.031179065000344508,0.23929707822119864,61.50432065722107
211,1899,0.031335677000356554,0.23929566255636414,62.1386475708306
212,1908,0.03147316500036368,0.2856434697209305,67.1665277829127
213,1917,0.03160850300037055,0.2886234058110664,64.08422628725616
214,1926,0.03177283100040995,0.2592093615127694,65.22098162051466
215,1935,0.03192526000043472,0.24315754426497277,63.39121720072368
216,1944,0.03206272500040086,0.23444257900987334,59.496002156583394
217,1953,0.032199543000388076,0.24380948113056025,64.58561850202955
218,1962,0.03233367100040141,0.2579167008242588,60.8761956070117
219,1971,0.03246789600041211,0.2819913380340913,68.07580941715713
220,1980,0.03264599600038309,0.3410148279641343,67.13550136496265
221,1989,0.03280663200041545,0.2876470253783755,67.94544353116635
222,1998,0.03297835200044119,0.3046422239508529,64.67254653393289
223,2007,0.03311753800039696,0.29468409855985095,68.56965874377612
224,2016,0.03325597400038305,0.2746036783037955,64.8672479111134
225,2025,0.03339133200040578,0.35283253838839773,74.99223741997623
226,2034,0.0335624520004103,0.30145109481221694,66.8821209185249
227,2043,0.03370197300040445,0.30234557522630884,69.89137710001661
228,2052,0.03383966300037855,0.25479238262849957,64.00813916759654
229,2061,0.033975546000419854,0.25047874144163756,62.93512918984763
230,2070,0.03411103600041088,0.29693976040893194,66.16750882656855
231,2079,0.03424698300040063,0.3388950457622142,66.512324034054
232,2088,0.03442458900042311,0.3452309025379191,70.13635265823233
233,2097,0.03457729000041354,0.2482556382723571,62.79865630567209
234,2106,0.03472048600042399,0.2731255098173508,67.46378942088786
235,2115,0.034878928000409815,0.344277663572668,71.92202929998467
236,2124,0.03501747200044747,0.5106589555830168,85.48706433411152
237,2133,0.0351858160004781,0.27257752464061713,66.1511059950136
238,2142,0.035375996000482246,0.23765056574967502,62.053700475988656
239,2151,0.03553739400052791,0.24142109597782263,61.58830427680841
240,2160,0.03569135700053039,0.48774536994674256,79.68571413315198
241,2169,0.035829556000521734,0.3698320355271459,68.4450768935364
242,2178,0.03597574100052725,0.6389546199644501,89.03962587638974
243,2187,0.03612918100054685,0.31464720169826693,66.84074369487593
244,2196,0.036276269000552475,0.31011593398895143,68.26010098038398
245,2205,0.03642885100055082,0.2569296321123146,64.15370998401441
246,2214,0.03656505800051946,0.5011241611294485,83.58211021825727
247,2223,0.036711838000485386,0.47682619115751634,81.67309800101857
248,2232,0.03687471700044398,0.36180593597447525,69.03022111588474
249,2241,0.037023444000453765,0.3171825386739255,71.21273868109424
250,2250,0.03716137500043715,0.355062106704355,71.37015233563088
251,2259,0.03730812600048239,0.3772554062952219,72.71350373712743
252,2268,0.0374446640005317,0.4148755935928247,76.07402128078563
253,2277,0.03757993700054385,0.33787944998638253,69.5214033216393
254,2286,0.03776272500056166,0.2582409689351067,66.22346807396075
255,2295,0.03790231700060076,0.34119708840219864,69.90079863780889
256,2304,0.03804959100062888,0.32681403628476796,73.58763031077899
257,2313,0.038187796000613616,0.23040628501208263,59.9707825834692
258,2322,0.03832329800059142,0.22456368193680518,60.684996695078894
259,2331,0.03846399300061876,0.25150085969393077,63.47487934609791
260,2340,0.038633884000660146,0.29134552436818995,67.07157503782395
261,2349,0.03878944700062448,0.23845106753297482,59.782124868140656
262,2358,0.03892894300059879,0.23898319807579332,64.70314859680045
263,2367,0.03907678500058864,0.27178931591074057,62.01324357659182
264,2376,0.039213816000597035,0.33683705823566423,71.63047504035177
265,2385,0.03934904200065148,0.2851275585383482,65.858317646533
266,2394,0.03950907700067319,0.29787177184841623,64.14827984012078
267,2403,0.03964799900069238,0.25699101097489474,66.08681694238398
268,2412,0.039812200000653775,0.3054469643836425,62.615104097659355
269,2421,0.039949881000609366,0.4711796318745172,79.49639298055241
270,2430,0.04009737400059521,0.5814136670427121,85.26069817307088
271,2439,0.04027169300059086,0.3532471098876441,72.923928657038
272,2448,0.04042782000055922,0.26560224407002364,61.067609531978626
273,2457,0.040575702000580804,0.2391533762763767,62.812590872272104
274,2466,0.04071339100056548,0.2381164973946861,61.91089789885028
275,2475,0.040860987000598925,0.2174437757402299,60.25316289755429
276,2484,0.0409981670006232,0.29179942798450853,67.34997786270947
277,2493,0.041162066000651976,0.2760309006918668,62.0390260740583
278,2502,0.04130111100062095,0.3127857948452212,71.01909647247236
279,2511,0.04143696800059615,0.2451177299971949,63.41395285163552
280,2520,0.04158366600057661,0.23543786442121203,62.57879536103541
281,2529,0.0417208720005533,0.27071905480025366,66.11513563555762
282,2538,0.0418856700005108,0.24177937803935728,62.16222802269479
283,2547,0.04204219500053341,0.25395772317203136,67.77422689266223
284,2556,0.04217787000050066,0.2571745739529401,60.99654935903359
285,2565,0.0423238910004784,0.2495876386785396,63.218342825357524
286,2574,0.04245959900049456,0.24554732717068395,64.50171214067313
287,2583,0.04260692800050947,0.22165535802107236,60.21682850232949
288,2592,0.04277494600046339,0.2212109179687121,59.88602469597518
289,2601,0.042930708000483264,0.21863710014317198,61.56892509254588
290,2610,0.04310603400051605,0.24676191715161214,62.35306260248709
291,2619,0.04325178500050697,0.24777743914986056,62.21433807492355
292,2628,0.043389963000493026,0.25458977665736343,65.18529231099212
293,2637,0.043526982000514636,0.24755953944444412,61.010445494006674
294,2646,0.04369993100050351,0.2961283784300819,67.34041579784748
295,2655,0.043837188000509286,0.287032113258422,70.00743697981228
296,2664,0.04397347000053742,0.32899671226519306,70.70694273337051
297,2673,0.04415151500052161,0.2808801445428202,67.56572892232808
298,2682,0.04428953500053012,0.2589201919670877,64.61520258189833
299,2691,0.044425982000518616,0.28682437190622084,67.18669602921491
300,2700,0.04458387400052288,0.33429744754204715,70.91588296239202
