x1,x2,true_label
-4.24025201,-2.44769394,0
1.45955622,-2.06701746,2
3.90575306,-0.57994667,2
-3.20847528,-1.52557687,0
-3.40731393,-0.52607993,0
1.32171352,-1.73482756,2
-2.12958055,-1.49098588,0
2.17813314,1.67038253,1
1.18501652,1.57871690,1
-1.88185197,0.15829754,0
4.27184723,-1.77797756,2
-2.01224327,-0.37693690,0
-2.44778028,-0.75736147,0
-3.28306933,-0.78227834,0
-1.17493978,-0.98688644,0
2.47869372,-1.74165877,2
0.58893806,-2.22387412,2
0.65526953,2.81816305,1
-1.11123677,0.77423500,0
1.85109687,-1.69399715,2
-2.31154966,-1.06678950,0
0.38837982,2.71209456,1
3.20391325,-1.54747611,2
0.77450174,2.16593520,1
-2.13712403,-1.29936524,0
1.10368873,2.08388106,1
0.55259740,1.67519984,1
-3.76522306,-1.62078350,0
2.83926690,-1.95383329,2
1.98986543,-1.46417415,2
0.77847633,1.20273365,1
1.52295667,-1.97930258,2
1.10100313,0.67084190,1
3.04059767,-0.42377757,2
2.73733633,-2.03778687,2
-2.37603852,-0.72031428,0
0.98619711,1.21019072,1
-0.12412570,2.39004201,1
3.20637595,-1.52062953,2
-0.12622405,2.84040509,1
-0.29419384,1.58736594,1
4.25667351,-0.72648978,2
0.84054732,2.46547007,1
1.17384838,1.22390356,1
-2.63985919,-0.24521923,0
-2.99311658,-1.97936808,0
4.06251943,-2.69047960,2
0.65707092,1.60706892,1
-1.88431494,-1.04898048,0
2.02106383,1.48143853,1
2.68714584,-1.11082159,2
-1.97554235,0.06393342,0
-2.20196802,-1.23697415,0
3.16246766,-2.00039792,2
2.08163702,-2.18609189,2
-3.25848858,-0.58918471,0
1.46264383,2.30287922,1
0.58824202,0.81608855,1
0.72431855,0.86869609,1
-2.30771055,-1.13344398,0
2.33249053,-1.13480209,2
2.74227067,-2.74077502,2
1.64794651,-0.59590430,2
-3.68319677,-1.68834932,0
0.86799629,1.77149301,1
-2.71871001,-1.17697522,0
-1.90237461,0.00257526,0
2.02536549,0.39363825,1
3.09376737,-1.45864460,2
2.97857652,-0.69239326,2
-0.21564561,2.21643648,1
-3.91095189,-1.88212798,0
-1.28688611,-0.63689780,0
2.50403353,-1.39233500,2
2.00955788,2.08571937,1
2.74224141,-1.11651175,2
2.03540428,-2.08956446,2
-1.65292216,-0.47219386,0
-1.88542714,0.04122083,0
-2.68480653,0.52723686,0
-3.08003574,-0.63449116,0
1.44129581,0.84670668,1
0.78079722,2.31463846,1
1.21145732,3.72094492,1
0.60091199,3.08887003,1
3.20673765,-0.78119085,2
1.67310880,3.80449864,1
-3.44020153,-0.44342663,0
3.89814291,-1.44487967,2
4.08823793,-1.70170866,2
4.09779258,-1.21966047,2
1.26711157,2.45595942,1
2.52110654,-1.20586698,2
2.17499496,-1.50173642,2
-3.62107601,-1.17316655,0
-3.02404743,-0.37506661,0
3.22732146,-1.59502418,2
1.64836911,1.27648538,1
-2.64127885,-0.86172747,0
-3.44546572,-0.32713119,0
-0.54235596,3.47513074,1
0.91600438,2.07813701,1
1.05138963,2.17360442,1
2.22350401,-0.86788008,2
-2.72942219,-1.01282085,0
2.17161299,-1.11248397,2
-2.77210313,-0.47723543,0
3.79216121,-0.88154677,2
2.82676482,-1.54927958,2
1.39082182,0.66314472,1
2.73545713,-1.25898173,2
1.19542856,2.49529105,1
-2.32110851,-0.89117561,0
-0.08981396,2.06608954,1
-3.40018112,-2.06114119,0
-2.23618277,0.00673650,0
1.72252333,-1.59391083,2
-3.03504933,-0.54221701,0
-3.19350033,-1.09573609,0
1.18386355,2.12836722,1
2.53274491,-0.99578656,2
1.47488100,1.89636166,1
-3.31732098,-1.99747635,0
1.18912226,-1.63181682,2
0.22381862,1.13472040,1
-3.21217696,-0.71257743,0
-2.11122261,-1.28434524,0
1.00957226,0.93775253,1
-2.71637016,-0.88510289,0
-2.82154557,-0.77193016,0
-1.35236078,-1.00355745,0
3.18490837,-0.84446953,2
-2.89797493,-1.72099399,0
-3.10952428,-1.90397870,0
3.21571911,-1.49731508,2
2.42447757,-1.07705827,2
-0.03254367,1.50799210,1
-0.05596191,1.08134168,1
1.18561714,-1.83878578,2
3.03711368,-1.55816695,2
-3.02269774,-0.86931470,0
-2.20887530,-0.60436922,0
-0.36849120,1.20131013,1
-3.74043348,-1.21545331,0
-2.30870704,-0.34128077,0
-2.08235693,-0.15292479,0
-0.34434338,2.31187853,1
3.07262897,-1.05538355,2
-1.28255735,-0.65449529,0
-3.33500977,-0.87687027,0
2.57281552,-1.18295804,2
3.10871603,-1.36876376,2
-3.78716342,-1.26125331,0
2.08924133,1.65856868,1
1.39503159,2.40490930,1
0.81321568,2.62563853,1
3.63429821,-1.81328493,2
3.00309616,-2.01695374,2
1.16131991,-1.60930247,2
-2.42149053,-1.13597077,0
-2.94684592,-0.77975311,0
3.14506100,-0.24436358,2
2.09078524,-1.21444468,2
2.37166117,-1.24552397,2
-4.13061146,-2.29567187,0
0.95668535,1.39599393,1
0.71034270,1.58848453,1
1.55326458,-1.52549036,2
-2.76298260,-1.62170241,0
2.40843642,-1.95711105,2
-2.65752235,-0.92986709,0
0.98745238,1.71339724,1
-2.55633755,-1.36880661,0
2.60208735,-1.88072152,2
-0.52616633,2.43587595,1
1.58718106,1.29678247,1
-3.13435711,-0.24781909,0
-2.39434467,-1.55763928,0
2.56774865,-1.02695797,2
2.54561449,-1.53541378,2
1.02160383,1.45199417,1
3.53487035,0.05753579,2
0.31016149,2.76491358,1
-3.86242829,-2.67505443,0
0.05514252,1.19527506,1
-0.27913188,1.34851596,1
0.44559433,1.26937991,1
0.45228454,2.25579236,1
1.89900667,0.68030590,1
-2.16918556,-0.06631871,0
-1.29177463,0.15185750,0
0.67126897,2.48180917,1
2.01946259,-1.88925499,2
3.00171238,-1.40764430,2
-3.03290255,-1.90879536,0
-0.13475809,1.42675576,1
2.07902079,-1.65519315,2
0.98996893,0.55902971,1
3.58852428,-1.86096494,2
1.28488509,2.26541042,1
-3.49201644,-0.89481425,0
1.43841267,0.62559441,1
-0.03586302,2.45076613,1
4.08370678,-0.19645077,2
-2.91729284,-0.71074181,0
-3.01820171,-0.84010128,0
3.62625331,0.47481361,2
-0.10583964,2.48374066,1
1.59318471,-1.68051666,2
3.22026363,-1.11049301,2
-1.36610776,0.14930125,0
-2.46093627,-0.70908618,0
1.69657880,0.48899948,1
3.87481652,-0.97075860,2
1.41525912,2.30263949,1
0.94227073,-1.18679227,2
-0.09105873,0.56497534,1
-2.31341813,-2.35167066,0
-1.54966256,-0.59839111,0
-3.08506720,-0.97145124,0
-0.12937061,2.82644256,1
-1.95235076,-0.44952277,0
1.00920548,2.30996990,1
1.99537784,-1.09829480,2
-1.04122509,2.55767452,1
2.55613274,-2.02686128,2
0.77911925,1.06479934,1
0.13652377,1.50435878,1
2.02290727,-2.49660617,2
1.56548751,1.40255361,1
1.98078413,2.93223430,1
0.66027134,2.17020098,1
-2.06984820,-0.92286438,0
-2.87380474,-1.13407393,0
1.59661776,-1.91095933,2
0.72500870,1.03702665,1
3.83307847,-1.03240664,2
-2.85433388,-0.61534713,0
-3.05607913,-1.26172389,0
2.02119885,-1.67650533,2
2.58647082,-2.55731327,2
-3.16596211,-1.02394564,0
0.32608230,0.87580448,1
-1.95277914,-1.36449737,0
2.49183337,-0.91245030,2
0.77404331,1.47355506,1
-2.92709094,-1.11293291,0
1.43249590,-0.65078941,1
3.07326776,-0.78644187,2
2.57439780,-0.58682919,2
2.00806594,-1.54742664,2
-2.08853755,0.12766615,0
2.20200522,-1.62343677,2
1.13266020,1.40718998,1
1.24194551,1.75077557,1
1.93986237,-1.41561827,2
0.90908490,1.41540347,1
-0.45576239,-0.46000614,0
1.16945451,1.28202210,1
3.41924438,-0.61690339,2
0.63843614,3.34305289,1
2.27145709,-2.10800605,2
-1.87024198,-0.37228714,0
-2.78811681,-1.39267674,0
-0.63126793,2.01834417,1
3.18714427,-0.54074726,2
0.69881418,1.12602032,1
1.42683071,2.20525159,1
1.83898493,-2.12768925,2
0.55894853,-1.91059834,2
-3.03929186,-0.55781137,0
1.64501040,1.33695458,1
-3.54266706,-1.57768685,0
3.22916380,-0.07350891,2
1.87114542,-2.14922525,2
-0.37581611,1.85394292,1
2.69597215,-1.47159354,2
1.58042669,-1.52529764,2
2.20371429,-1.21336755,2
4.35019077,-1.33393434,2
2.58400436,-1.60128595,2
2.44540932,-1.98818433,2
1.18819810,1.14885382,1
2.67355360,-2.34655688,2
1.80993576,1.44643376,1
0.03941102,1.98336762,1
-2.16851232,-0.12136999,0
0.56089043,1.97374294,1
-3.53800838,-0.56828823,0
0.97375722,0.48502713,1
-1.06500113,2.18822147,1
0.93721700,0.65105705,1
-3.31466485,-0.43229843,0
-2.49996669,0.49203697,0
-3.08898347,-2.36085425,0
-2.70154474,-0.82505881,0
0.43068657,1.02849538,1
0.42925893,1.83383303,1
1.37438100,2.15168327,1
2.18762748,-1.63091902,2
-0.51405265,2.96138870,1
-3.65387773,-0.34852075,0
1.15380535,1.26540026,1
2.49137141,-1.37747002,2
2.55245193,-2.08417496,2
-3.16401889,-0.49947966,0
-3.61595410,-2.33847990,0
3.24227911,-1.61816160,2
1.69300788,-1.08781224,2
-1.70070875,-0.45910279,0
-1.85863011,-1.60735175,0
-0.59899488,-1.13055190,0
1.12963795,3.07140957,1
-2.49216593,-0.24522628,0
2.61320354,-1.34277000,2
-2.17282476,0.07927422,0
3.41257631,-0.65288961,2
1.39208165,1.82572149,1
1.31816189,2.26081494,1
1.35952119,1.50598118,1
3.83341099,-2.03356379,2
3.16846537,-1.47517993,2
-1.51252570,-0.83024189,0
-2.76899428,-0.96887961,0
0.28853396,2.07158826,1
2.71716155,-1.27555571,2
-2.94097610,-1.73900460,0
3.01620732,-1.79039048,2
-2.05090098,-1.13598080,0
-2.57972065,-1.38504055,0
1.61293245,-1.95158520,2
1.96877548,-1.53131883,2
-1.67591181,-1.19532659,0
1.50361649,1.34608592,1
0.36583215,1.73506673,1
0.94730185,-1.48982509,2
-2.84199065,-1.74766871,0
-1.23652395,-0.37096091,0
0.51239824,1.82343347,1
1.96535898,2.16697984,1
3.33403884,-1.31655686,2
3.48318089,-1.53239804,2
2.62999576,-1.39931242,2
1.80976856,0.13013352,1
2.63955533,-0.90321053,2
-3.59019719,-1.31663529,0
0.13070379,3.38784716,1
-3.20238208,-1.44535438,0
2.81345533,-2.37791021,2
-3.82347509,-1.23034322,0
-2.19232921,-0.82541184,0
0.39489319,1.53120171,1
0.81497138,1.66025663,1
-3.85610869,-1.06418262,0
0.47099223,2.47033038,1
-4.27934098,-0.85705589,0
2.76487539,-2.16776346,2
1.70051187,-2.04824429,2
1.03695282,1.34334255,1
1.07965674,2.00081093,1
