model,method,eta,val_rmse,diverged
OLS,GD,0.0001,69.95368292446207,False
OLS,GD,0.00031622776601683794,62.654671151763694,False
OLS,GD,0.001,58.786328512544216,False
OLS,GD,0.0031622776601683794,58.444800154995704,False
OLS,GD,0.01,58.44422804004985,False
OLS,GD,0.03162277660168379,58.44241689301538,False
OLS,GD,0.1,58.43686895648807,False
OLS,GD,0.31622776601683794,58.42061666318718,False
OLS,GD,1.0,inf,True
OLS,GD,3.1622776601683795,inf,True
OLS,SGD,0.0001,67.61149329992548,False
OLS,SGD,0.00031622776601683794,61.32484219918867,False
OLS,SGD,0.001,58.48273184191162,False
OLS,SGD,0.0031622776601683794,58.39049398692501,False
OLS,SGD,0.01,58.288890609756905,False
OLS,SGD,0.03162277660168379,58.27944767306416,False
OLS,SGD,0.1,58.173074493477664,False
OLS,SGD,0.31622776601683794,58.56846258902754,False
OLS,SGD,1.0,inf,True
OLS,SGD,3.1622776601683795,inf,True
OLS,Momentum,9.999999999999999e-06,67.6168068416497,False
OLS,Momentum,3.1622776601683795e-05,61.324915818047856,False
OLS,Momentum,0.0001,58.47785741524515,False
OLS,Momentum,0.00031622776601683794,58.390214786192765,False
OLS,Momentum,0.001,58.278072793026126,False
OLS,Momentum,0.0031622776601683794,58.274626817918445,False
OLS,Momentum,0.01,58.34010014151569,False
OLS,Momentum,0.03162277660168379,58.60813023390363,False
OLS,Momentum,0.1,58.27370963187955,False
OLS,Momentum,0.31622776601683794,67.5167276707952,False
OLS,Momentum,1.0,inf,True
OLS,AdaGrad,0.001,70.2155524577515,False
OLS,AdaGrad,0.0031622776601683794,61.310519969914395,False
OLS,AdaGrad,0.01,58.44355823838003,False
OLS,AdaGrad,0.03162277660168379,58.31898647393463,False
OLS,AdaGrad,0.1,58.28706633197611,False
OLS,AdaGrad,0.31622776601683794,58.355188474088465,False
OLS,AdaGrad,1.0,58.27850985458474,False
OLS,AdaGrad,3.1622776601683795,58.49991867604636,False
OLS,AdaGrad,10.0,58.15559182110128,False
OLS,RMSprop,0.0001,61.11917778177669,False
OLS,RMSprop,0.00031622776601683794,58.40661461244403,False
OLS,RMSprop,0.001,58.35476601925162,False
OLS,RMSprop,0.0031622776601683794,58.18259928721152,False
OLS,RMSprop,0.01,58.17739265185491,False
OLS,RMSprop,0.03162277660168379,58.66555878282401,False
OLS,RMSprop,0.1,58.41667576944706,False
OLS,RMSprop,0.31622776601683794,59.16193304100393,False
OLS,RMSprop,1.0,61.79667916317976,False
OLS,Adam,0.0001,62.69181109243304,False
OLS,Adam,0.00031622776601683794,58.49197572677399,False
OLS,Adam,0.001,58.505817509976666,False
OLS,Adam,0.0031622776601683794,58.314526227752815,False
OLS,Adam,0.01,58.25380740723711,False
OLS,Adam,0.03162277660168379,58.32599611374625,False
OLS,Adam,0.1,58.46670538158325,False
OLS,Adam,0.31622776601683794,58.138616448202946,False
OLS,Adam,1.0,59.24297273987307,False
Ridge,GD,0.0001,69.2403256243847,False
Ridge,GD,0.00031622776601683794,62.01802819551741,False
Ridge,GD,0.001,59.46218316541079,False
Ridge,GD,0.0031622776601683794,59.299183275829144,False
Ridge,GD,0.01,59.29889408085983,False
Ridge,GD,0.03162277660168379,59.29889408058376,False
Ridge,GD,0.1,59.29889408058362,False
Ridge,GD,0.31622776601683794,59.246741928527726,False
Ridge,GD,1.0,inf,True
Ridge,GD,3.1622776601683795,inf,True
Ridge,SGD,0.0001,66.8980330165575,False
Ridge,SGD,0.00031622776601683794,60.911811969546946,False
Ridge,SGD,0.001,59.3031369664238,False
Ridge,SGD,0.0031622776601683794,59.17884783729631,False
Ridge,SGD,0.01,59.0284475880607,False
Ridge,SGD,0.03162277660168379,58.72008188444385,False
Ridge,SGD,0.1,57.87039180195043,False
Ridge,SGD,0.31622776601683794,56.68925499648326,False
Ridge,SGD,1.0,inf,True
Ridge,SGD,3.1622776601683795,inf,True
Ridge,Momentum,9.999999999999999e-06,66.8978680142953,False
Ridge,Momentum,3.1622776601683795e-05,60.8987500767573,False
Ridge,Momentum,0.0001,59.303824177551945,False
Ridge,Momentum,0.00031622776601683794,59.18584202952667,False
Ridge,Momentum,0.001,59.05794008001914,False
Ridge,Momentum,0.0031622776601683794,58.8503549114391,False
Ridge,Momentum,0.01,58.595288023816465,False
Ridge,Momentum,0.03162277660168379,57.853190726309535,False
Ridge,Momentum,0.1,56.62242444274419,False
Ridge,Momentum,0.31622776601683794,58.599580304846015,False
Ridge,Momentum,1.0,inf,True
Ridge,AdaGrad,0.001,70.12363442758746,False
Ridge,AdaGrad,0.0031622776601683794,61.28513535552468,False
Ridge,AdaGrad,0.01,59.2489733116014,False
Ridge,AdaGrad,0.03162277660168379,59.07096116573566,False
Ridge,AdaGrad,0.1,58.69456752686751,False
Ridge,AdaGrad,0.31622776601683794,57.46693202402913,False
Ridge,AdaGrad,1.0,57.08786842327964,False
Ridge,AdaGrad,3.1622776601683795,57.39220005342639,False
Ridge,AdaGrad,10.0,57.057623986175436,False
Ridge,RMSprop,0.0001,60.75694809479338,False
Ridge,RMSprop,0.00031622776601683794,59.22797957828133,False
Ridge,RMSprop,0.001,59.09859356663598,False
Ridge,RMSprop,0.0031622776601683794,58.90604341526101,False
Ridge,RMSprop,0.01,58.311861777121244,False
Ridge,RMSprop,0.03162277660168379,57.546804693916414,False
Ridge,RMSprop,0.1,57.04336732546616,False
Ridge,RMSprop,0.31622776601683794,57.26338314119031,False
Ridge,RMSprop,1.0,59.749314057698456,False
Ridge,Adam,0.0001,62.444200614625814,False
Ridge,Adam,0.00031622776601683794,59.270222338489056,False
Ridge,Adam,0.001,59.13405451675239,False
Ridge,Adam,0.0031622776601683794,58.93551397254203,False
Ridge,Adam,0.01,58.62675565590012,False
Ridge,Adam,0.03162277660168379,58.0034415471122,False
Ridge,Adam,0.1,57.16447821929841,False
Ridge,Adam,0.31622776601683794,57.083314434751884,False
Ridge,Adam,1.0,58.45942749088428,False
Kernel,GD,0.0001,64.45785984659791,False
Kernel,GD,0.00031622776601683794,60.53930344681209,False
Kernel,GD,0.001,58.353169125229286,False
Kernel,GD,0.0031622776601683794,57.620851105413266,False
Kernel,GD,0.01,57.575961240581506,False
Kernel,GD,0.03162277660168379,57.57586472060875,False
Kernel,GD,0.1,inf,True
Kernel,GD,0.31622776601683794,inf,True
Kernel,GD,1.0,inf,True
Kernel,GD,3.1622776601683795,inf,True
Kernel,SGD,0.0001,63.154559161643405,False
Kernel,SGD,0.00031622776601683794,59.83716635864857,False
Kernel,SGD,0.001,57.98617899292232,False
Kernel,SGD,0.0031622776601683794,57.43254748703659,False
Kernel,SGD,0.01,57.26956127860043,False
Kernel,SGD,0.03162277660168379,57.06310038468901,False
Kernel,SGD,0.1,inf,True
Kernel,SGD,0.31622776601683794,inf,True
Kernel,SGD,1.0,inf,True
Kernel,SGD,3.1622776601683795,inf,True
Kernel,Momentum,9.999999999999999e-06,63.1537181070441,False
Kernel,Momentum,3.1622776601683795e-05,59.841583952210094,False
Kernel,Momentum,0.0001,57.992308676605354,False
Kernel,Momentum,0.00031622776601683794,57.451123164968784,False
Kernel,Momentum,0.001,57.31772073946376,False
Kernel,Momentum,0.0031622776601683794,57.295533773048085,False
Kernel,Momentum,0.01,56.82186386645117,False
Kernel,Momentum,0.03162277660168379,57.02929351417177,False
Kernel,Momentum,0.1,inf,True
Kernel,Momentum,0.31622776601683794,inf,True
Kernel,Momentum,1.0,inf,True
Kernel,AdaGrad,0.001,59.028348268694764,False
Kernel,AdaGrad,0.0031622776601683794,57.64032005880693,False
Kernel,AdaGrad,0.01,57.37770486761637,False
Kernel,AdaGrad,0.03162277660168379,57.299973398262246,False
Kernel,AdaGrad,0.1,57.2816978488785,False
Kernel,AdaGrad,0.31622776601683794,57.201564121420745,False
Kernel,AdaGrad,1.0,57.35278954390549,False
Kernel,AdaGrad,3.1622776601683795,57.993191008283176,False
Kernel,AdaGrad,10.0,62.46580590887669,False
Kernel,RMSprop,0.0001,57.66429112931951,False
Kernel,RMSprop,0.00031622776601683794,57.403469226944566,False
Kernel,RMSprop,0.001,57.299458227889055,False
Kernel,RMSprop,0.0031622776601683794,57.12471477061868,False
Kernel,RMSprop,0.01,56.85678202469754,False
Kernel,RMSprop,0.03162277660168379,57.28633399766423,False
Kernel,RMSprop,0.1,64.0412096334324,False
Kernel,RMSprop,0.31622776601683794,311.74848557494965,False
Kernel,RMSprop,1.0,1062.3904989286405,False
Kernel,Adam,0.0001,57.71480884051167,False
Kernel,Adam,0.00031622776601683794,57.38882146593909,False
Kernel,Adam,0.001,57.247131980767406,False
Kernel,Adam,0.0031622776601683794,57.19366299767041,False
Kernel,Adam,0.01,56.857192307524855,False
Kernel,Adam,0.03162277660168379,56.62336466694751,False
Kernel,Adam,0.1,56.84723436386992,False
Kernel,Adam,0.31622776601683794,56.9112204476129,False
Kernel,Adam,1.0,56.01517694333909,False
