model,lambda,sigma,val_rmse
Ridge,0.0001,,59.82522256446033
Ridge,0.00031622776601683794,,59.814091803269875
Ridge,0.001,,59.78253095489992
Ridge,0.0031622776601683794,,59.704901568155265
Ridge,0.01,,59.53372889137474
Ridge,0.03162277660168379,,59.162044631164704
Ridge,0.1,,58.57528112929305
Ridge,0.31622776601683794,,58.22245913826947
Ridge,1.0,,59.29889408058134
Ridge,3.1622776601683795,,62.899404253761055
Ridge,10.0,,68.02692578636464
Kernel,1e-09,0.1,74.67660329352198
Kernel,3.1622776601683795e-09,0.1,74.67660329352198
Kernel,1e-08,0.1,74.67660329352198
Kernel,3.162277660168379e-08,0.1,74.67660329352198
Kernel,1e-07,0.1,74.67660329352198
Kernel,3.162277660168379e-07,0.1,74.67660329352198
Kernel,1e-06,0.1,74.67660329352198
Kernel,3.162277660168379e-06,0.1,74.67660329352195
Kernel,9.999999999999999e-06,0.1,74.6766032935219
Kernel,3.1622776601683795e-05,0.1,74.67660329352168
Kernel,0.0001,0.1,74.67660329352101
Kernel,0.00031622776601683794,0.1,74.67660329351907
Kernel,0.001,0.1,74.67660329351406
Kernel,0.0031622776601683794,0.1,74.67660329350474
Kernel,0.01,0.1,74.67660329349452
Kernel,0.03162277660168379,0.1,74.6766032934882
Kernel,0.1,0.1,74.67660329348554
Kernel,0.31622776601683794,0.1,74.6766032934846
Kernel,1.0,0.1,74.6766032934843
Kernel,1e-09,0.16187677556400662,74.67662883473298
Kernel,3.1622776601683795e-09,0.16187677556400662,74.67662883471601
Kernel,1e-08,0.16187677556400662,74.67662883466232
Kernel,3.162277660168379e-08,0.16187677556400662,74.67662883449258
Kernel,1e-07,0.16187677556400662,74.67662883395577
Kernel,3.162277660168379e-07,0.16187677556400662,74.67662883225839
Kernel,1e-06,0.16187677556400662,74.67662882689226
Kernel,3.162277660168379e-06,0.16187677556400662,74.6766288099376
Kernel,9.999999999999999e-06,0.16187677556400662,74.67662875646738
Kernel,3.1622776601683795e-05,0.16187677556400662,74.67662858881769
Kernel,0.0001,0.16187677556400662,74.67662807264075
Kernel,0.00031622776601683794,0.16187677556400662,74.67662656847929
Kernel,0.001,0.16187677556400662,74.67662280798415
Kernel,0.0031622776601683794,0.16187677556400662,74.67661617720283
Kernel,0.01,0.16187677556400662,74.67660947957116
Kernel,0.03162277660168379,0.16187677556400662,74.67660562794869
Kernel,0.1,0.16187677556400662,74.67660407934827
Kernel,0.31622776601683794,0.16187677556400662,74.67660354715292
Kernel,1.0,0.16187677556400662,74.67660337423037
Kernel,1e-09,0.26204090466999763,74.67204252053371
Kernel,3.1622776601683795e-09,0.26204090466999763,74.67204251735349
Kernel,1e-08,0.26204090466999763,74.6720425072968
Kernel,3.162277660168379e-08,0.26204090466999763,74.67204247549549
Kernel,1e-07,0.26204090466999763,74.67204237493829
Kernel,3.162277660168379e-07,0.26204090466999763,74.67204205702204
Kernel,1e-06,0.26204090466999763,74.67204105241805
Kernel,3.162277660168379e-06,0.26204090466999763,74.67203788292464
Kernel,9.999999999999999e-06,0.26204090466999763,74.67202793320422
Kernel,3.1622776601683795e-05,0.26204090466999763,74.6719971899058
Kernel,0.0001,0.26204090466999763,74.6719068567724
Kernel,0.00031622776601683794,0.26204090466999763,74.67168111368684
Kernel,0.001,0.26204090466999763,74.67136668562257
Kernel,0.0031622776601683794,0.26204090466999763,74.67173915691222
Kernel,0.01,0.26204090466999763,74.67348279438926
Kernel,0.03162277660168379,0.26204090466999763,74.67522980852634
Kernel,0.1,0.26204090466999763,74.67611208556441
Kernel,0.31622776601683794,0.26204090466999763,74.67644142188567
Kernel,1.0,0.26204090466999763,74.67655142044549
Kernel,1e-09,0.42418336713854454,74.0123706615239
Kernel,3.1622776601683795e-09,0.42418336713854454,74.0123708136642
Kernel,1e-08,0.42418336713854454,74.01237129477616
Kernel,3.162277660168379e-08,0.42418336713854454,74.01237281620685
Kernel,1e-07,0.42418336713854454,74.01237762760393
Kernel,3.162277660168379e-07,0.42418336713854454,74.01239284468485
Kernel,1e-06,0.42418336713854454,74.01244098637032
Kernel,3.162277660168379e-06,0.42418336713854454,74.01259343349903
Kernel,9.999999999999999e-06,0.42418336713854454,74.01307758757683
Kernel,3.1622776601683795e-05,0.42418336713854454,74.01462862737736
Kernel,0.0001,0.42418336713854454,74.01971208492327
Kernel,0.00031622776601683794,0.42418336713854454,74.03702647383503
Kernel,0.001,0.42418336713854454,74.09464923432017
Kernel,0.0031622776601683794,0.42418336713854454,74.23860936583316
Kernel,0.01,0.42418336713854454,74.43665246523668
Kernel,0.03162277660168379,0.42418336713854454,74.57835261817944
Kernel,0.1,0.42418336713854454,74.6423524318744
Kernel,0.31622776601683794,0.42418336713854454,74.66540989274051
Kernel,1.0,0.42418336713854454,74.6730257815233
Kernel,1e-09,0.686654357202708,69.14797828662574
Kernel,3.1622776601683795e-09,0.686654357202708,69.14797710130536
Kernel,1e-08,0.686654357202708,69.14797335310041
Kernel,3.162277660168379e-08,0.686654357202708,69.14796150130805
Kernel,1e-07,0.686654357202708,69.14792403337192
Kernel,3.162277660168379e-07,0.686654357202708,69.1478056565211
Kernel,1e-06,0.686654357202708,69.14743238598986
Kernel,3.162277660168379e-06,0.686654357202708,69.14626264603633
Kernel,9.999999999999999e-06,0.686654357202708,69.14266836645784
Kernel,3.1622776601683795e-05,0.686654357202708,69.13229921131945
Kernel,0.0001,0.686654357202708,69.1081069754724
Kernel,0.00031622776601683794,0.686654357202708,69.0891283944995
Kernel,0.001,0.686654357202708,69.25634773681055
Kernel,0.0031622776601683794,0.686654357202708,70.07877727138704
Kernel,0.01,0.686654357202708,71.72555784420584
Kernel,0.03162277660168379,0.686654357202708,73.31190802331886
Kernel,0.1,0.686654357202708,74.17200040314475
Kernel,0.31622776601683794,0.686654357202708,74.50803169183634
Kernel,1.0,0.686654357202708,74.62232852279443
Kernel,1e-09,1.1115339327095,67.09306777387188
Kernel,3.1622776601683795e-09,1.1115339327095,67.09301058441619
Kernel,1e-08,1.1115339327095,67.09282974419824
Kernel,3.162277660168379e-08,1.1115339327095,67.092257964398
Kernel,1e-07,1.1115339327095,67.0904507090957
Kernel,3.162277660168379e-07,1.1115339327095,67.08474435818741
Kernel,1e-06,1.1115339327095,67.06678559598448
Kernel,3.162277660168379e-06,1.1115339327095,67.01083901791453
Kernel,9.999999999999999e-06,1.1115339327095,66.84180607979587
Kernel,3.1622776601683795e-05,1.1115339327095,66.37227110780763
Kernel,0.0001,1.1115339327095,65.29364327823568
Kernel,0.00031622776601683794,1.1115339327095,63.52673691583043
Kernel,0.001,1.1115339327095,61.82861004774884
Kernel,0.0031622776601683794,1.1115339327095,61.39247457542671
Kernel,0.01,1.1115339327095,63.06387174157608
Kernel,0.03162277660168379,1.1115339327095,66.9402248297183
Kernel,0.1,1.1115339327095,70.96049750225598
Kernel,0.31622776601683794,1.1115339327095,73.27047981413442
Kernel,1.0,1.1115339327095,74.20232420769072
Kernel,1e-09,1.799315289569933,91.46886058245025
Kernel,3.1622776601683795e-09,1.799315289569933,91.46679250956105
Kernel,1e-08,1.799315289569933,91.46025619106426
Kernel,3.162277660168379e-08,1.799315289569933,91.43962147108043
Kernel,1e-07,1.799315289569933,91.37471533633203
Kernel,3.162277660168379e-07,1.799315289569933,91.1728450288387
Kernel,1e-06,1.799315289569933,90.5658208806877
Kernel,3.162277660168379e-06,1.799315289569933,88.89889287878877
Kernel,9.999999999999999e-06,1.799315289569933,85.12148233217208
Kernel,3.1622776601683795e-05,1.799315289569933,78.6953473727288
Kernel,0.0001,1.799315289569933,70.89349469836348
Kernel,0.00031622776601683794,1.799315289569933,64.32664461705805
Kernel,0.001,1.799315289569933,60.483093817781096
Kernel,0.0031622776601683794,1.799315289569933,58.61624167309687
Kernel,0.01,1.799315289569933,57.90657049275458
Kernel,0.03162277660168379,1.799315289569933,59.49182403000341
Kernel,0.1,1.799315289569933,64.35486359001463
Kernel,0.31622776601683794,1.799315289569933,69.68108589720084
Kernel,1.0,1.799315289569933,72.77993003118928
Kernel,1e-09,2.9126735729859763,136.84050341163126
Kernel,3.1622776601683795e-09,2.9126735729859763,136.73909881145266
Kernel,1e-08,2.9126735729859763,136.4222232888645
Kernel,3.162277660168379e-08,2.9126735729859763,135.4563054170115
Kernel,1e-07,2.9126735729859763,132.7144404199639
Kernel,3.162277660168379e-07,2.9126735729859763,126.17190462267304
Kernel,1e-06,2.9126735729859763,114.66351389074894
Kernel,3.162277660168379e-06,2.9126735729859763,100.02933589912631
Kernel,9.999999999999999e-06,2.9126735729859763,85.03051945668523
Kernel,3.1622776601683795e-05,2.9126735729859763,72.70635528577644
Kernel,0.0001,2.9126735729859763,64.95636297162369
Kernel,0.00031622776601683794,2.9126735729859763,61.106153978594634
Kernel,0.001,2.9126735729859763,59.220910307159535
Kernel,0.0031622776601683794,2.9126735729859763,57.79971689234341
Kernel,0.01,2.9126735729859763,56.892730113433835
Kernel,0.03162277660168379,2.9126735729859763,57.614056411320696
Kernel,0.1,2.9126735729859763,61.52296906888507
Kernel,0.31622776601683794,2.9126735729859763,67.37495814878396
Kernel,1.0,2.9126735729859763,71.66057942156498
Kernel,1e-09,4.714942062654641,197.56421632342992
Kernel,3.1622776601683795e-09,4.714942062654641,193.57290752838242
Kernel,1e-08,4.714942062654641,183.85393950694734
Kernel,3.162277660168379e-08,4.714942062654641,166.22559823923885
Kernel,1e-07,4.714942062654641,142.2681478138583
Kernel,3.162277660168379e-07,4.714942062654641,114.94993165998012
Kernel,1e-06,4.714942062654641,91.10181999978398
Kernel,3.162277660168379e-06,4.714942062654641,75.2303581537501
Kernel,9.999999999999999e-06,4.714942062654641,66.33840277060136
Kernel,3.1622776601683795e-05,4.714942062654641,62.609325473905656
Kernel,0.0001,4.714942062654641,61.26312482917755
Kernel,0.00031622776601683794,4.714942062654641,60.054083946811495
Kernel,0.001,4.714942062654641,58.579757668038766
Kernel,0.0031622776601683794,4.714942062654641,57.46962806079106
Kernel,0.01,4.714942062654641,57.15757291276982
Kernel,0.03162277660168379,4.714942062654641,58.613470486501285
Kernel,0.1,4.714942062654641,62.954707867547754
Kernel,0.31622776601683794,4.714942062654641,68.50440551556328
Kernel,1.0,4.714942062654641,72.21179612330326
Kernel,1e-09,7.632396180736398,202.77215038078597
Kernel,3.1622776601683795e-09,7.632396180736398,170.30084188883035
Kernel,1e-08,7.632396180736398,136.22240334497178
Kernel,3.162277660168379e-08,7.632396180736398,108.347288877455
Kernel,1e-07,7.632396180736398,87.26778208540637
Kernel,3.162277660168379e-07,7.632396180736398,72.70134961728127
Kernel,1e-06,7.632396180736398,66.11013926790635
Kernel,3.162277660168379e-06,7.632396180736398,64.2150494734853
Kernel,9.999999999999999e-06,7.632396180736398,63.19740309176278
Kernel,3.1622776601683795e-05,7.632396180736398,61.95762630268096
Kernel,0.0001,7.632396180736398,60.28181661057669
Kernel,0.00031622776601683794,7.632396180736398,58.775095689590394
Kernel,0.001,7.632396180736398,57.955536955699884
Kernel,0.0031622776601683794,7.632396180736398,57.624066047626094
Kernel,0.01,7.632396180736398,58.2207437596045
Kernel,0.03162277660168379,7.632396180736398,61.17284243323546
Kernel,0.1,7.632396180736398,66.34895326435898
Kernel,0.31622776601683794,7.632396180736398,70.94563906544678
Kernel,1.0,7.632396180736398,73.31391656036197
Kernel,1e-09,12.355076835646473,128.80362582811424
Kernel,3.1622776601683795e-09,12.355076835646473,102.65215457147723
Kernel,1e-08,12.355076835646473,80.56029301729953
Kernel,3.162277660168379e-08,12.355076835646473,69.75372133386512
Kernel,1e-07,12.355076835646473,67.08561743937653
Kernel,3.162277660168379e-07,12.355076835646473,65.58295743774026
Kernel,1e-06,12.355076835646473,64.14779053850157
Kernel,3.162277660168379e-06,12.355076835646473,62.858498000903474
Kernel,9.999999999999999e-06,12.355076835646473,61.29202743970812
Kernel,3.1622776601683795e-05,12.355076835646473,59.658094713760356
Kernel,0.0001,12.355076835646473,58.67699367094828
Kernel,0.00031622776601683794,12.355076835646473,58.29869931481991
Kernel,0.001,12.355076835646473,58.00366997180056
Kernel,0.0031622776601683794,12.355076835646473,58.19729013595097
Kernel,0.01,12.355076835646473,60.35914978090591
Kernel,0.03162277660168379,12.355076835646473,64.9977084549486
Kernel,0.1,12.355076835646473,69.95486268593109
Kernel,0.31622776601683794,12.355076835646473,72.87616826140197
Kernel,1.0,12.355076835646473,74.06387686330294
Kernel,1e-09,20.0,73.98285365826275
Kernel,3.1622776601683795e-09,20.0,69.61342045401472
Kernel,1e-08,20.0,67.94367437850688
Kernel,3.162277660168379e-08,20.0,65.81554753105586
Kernel,1e-07,20.0,64.21913044418247
Kernel,3.162277660168379e-07,20.0,63.114305790421
Kernel,1e-06,20.0,61.857657324248635
Kernel,3.162277660168379e-06,20.0,60.26546830688797
Kernel,9.999999999999999e-06,20.0,59.076832116423496
Kernel,3.1622776601683795e-05,20.0,58.72638261663872
Kernel,0.0001,20.0,58.617273400921384
Kernel,0.00031622776601683794,20.0,58.26821089457069
Kernel,0.001,20.0,58.192234470673775
Kernel,0.0031622776601683794,20.0,59.81705629365326
Kernel,0.01,20.0,63.9873740562661
Kernel,0.03162277660168379,20.0,69.09446543870502
Kernel,0.1,20.0,72.46459432641176
Kernel,0.31622776601683794,20.0,73.91389180362127
Kernel,1.0,20.0,74.42648903122685
