dataset,model,method,seed,eta,lambda,sigma,best_epoch,epochs_run,step_time,diverged,J_star,updates,grad_calls,grad_samples,loss_calls,hvp_calls,val_rmse,test_mse,test_rmse,test_mae,test_r2,J_best
diabetes,OLS,GD,42,0.31622776601683794,0.0,,10,2000,0.019735749000062697,False,0.2094390501394782,2000,2000,530000,0,0,58.42061666318718,3434.340689440885,58.6032481134014,47.72975598934311,0.4142410329816454,0.2138662802074974
diabetes,OLS,GD,123,0.31622776601683794,0.0,,6,2000,0.019534377002685233,False,0.2094390501394782,2000,2000,530000,0,0,58.545050534828306,3565.2427080159023,59.70965339051887,48.83769046322038,0.39191446782261263,0.21544730643144797
diabetes,OLS,GD,2024,0.31622776601683794,0.0,,6,2000,0.020735627999044937,False,0.2094390501394782,2000,2000,530000,0,0,58.375223925083034,3603.8630463639765,60.03218342159459,48.675746208797,0.3853274074397506,0.21580420678728
diabetes,OLS,GD+LS,42,,0.0,,4,2000,0.02734124599982124,False,0.2094390501394782,2000,2000,530000,0,2000,58.3019159969143,3346.683327288637,57.85052573044291,46.79000287488259,0.42919181700366216,0.21678583516466174
diabetes,OLS,GD+LS,123,,0.0,,4,2000,0.03143005899988793,False,0.2094390501394782,2000,2000,530000,0,2000,58.4803681548999,3469.8668747014467,58.90557592199101,47.918511046718365,0.4081817093844524,0.21484544040888032
diabetes,OLS,GD+LS,2024,,0.0,,4,2000,0.02975749499921676,False,0.2094390501394782,2000,2000,530000,0,2000,58.186225683911964,3592.6397390512557,59.93863310963352,48.33280487722252,0.38724164760766444,0.21987970296534423
diabetes,OLS,SGD,42,0.1,0.0,,10,300,0.03033603499943638,False,0.2094390501394782,2700,2700,79500,0,0,58.173074493477664,3422.782682258265,58.50455266266263,46.918998394741855,0.41621235934681866,0.21640856835471453
diabetes,OLS,SGD,123,0.1,0.0,,4,300,0.026485112000273148,False,0.2094390501394782,2700,2700,79500,0,0,57.94352148772128,3347.6355282822187,57.858754983858915,47.24556909745342,0.42902941020689056,0.21605771389247966
diabetes,OLS,SGD,2024,0.1,0.0,,145,300,0.02613373799965757,False,0.2094390501394782,2700,2700,79500,0,0,58.860390034767725,3443.3194735038546,58.67980464779901,47.35881498206764,0.41270961727382804,0.21246948186994777
diabetes,OLS,Momentum,42,0.1,0.0,,236,300,0.02852734500089582,False,0.2094390501394782,2700,2700,79500,0,0,58.27370963187955,3646.273381222541,60.384380275221346,49.518285509039735,0.3780939276588906,0.21992281329835753
diabetes,OLS,Momentum,123,0.1,0.0,,279,300,0.028573984000274777,False,0.2094390501394782,2700,2700,79500,0,0,58.392981594670125,3454.7841951305936,58.777412286784056,47.56656232463679,0.41075420163382503,0.21900737348322522
diabetes,OLS,Momentum,2024,0.1,0.0,,118,300,0.02862021999993658,False,0.2094390501394782,2700,2700,79500,0,0,57.80889846668468,3563.50190530179,59.69507438057004,48.88208484209139,0.3922113780280376,0.225859596294185
diabetes,OLS,AdaGrad,42,10.0,0.0,,19,300,0.03102134400040768,False,0.2094390501394782,2700,2700,79500,0,0,58.15559182110128,4175.407845715596,64.61739584442873,51.39343405944415,0.2878450894209691,0.23646194970567155
diabetes,OLS,AdaGrad,123,10.0,0.0,,94,300,0.032328233000157525,False,0.2094390501394782,2700,2700,79500,0,0,58.81340388358462,3464.9861668273074,58.86413311030162,47.70066802500832,0.4090141598199797,0.21572127668971042
diabetes,OLS,AdaGrad,2024,10.0,0.0,,49,300,0.03240407799995637,False,0.2094390501394782,2700,2700,79500,0,0,58.5436551214489,3847.9069279568757,62.031499481770354,50.19128022889555,0.34370343797495084,0.22940330200714731
diabetes,OLS,RMSprop,42,0.01,0.0,,10,300,0.036793520000003355,False,0.2094390501394782,2700,2700,79500,0,0,58.17739265185491,3406.704478284711,58.3669810619387,47.04208120750857,0.4189546476061098,0.21518101248345214
diabetes,OLS,RMSprop,123,0.01,0.0,,4,300,0.035730956999941554,False,0.2094390501394782,2700,2700,79500,0,0,58.021771362311455,3532.8852604633007,59.43807921243166,48.38637957938124,0.39743333352863797,0.21748233799618116
diabetes,OLS,RMSprop,2024,0.01,0.0,,5,300,0.035568176999731804,False,0.2094390501394782,2700,2700,79500,0,0,58.79373383901544,3610.2758285060695,60.085570884415084,48.8529595472143,0.3842336473900224,0.21507715438698538
diabetes,OLS,Adam,42,0.31622776601683794,0.0,,252,300,0.044242973999985225,False,0.2094390501394782,2700,2700,79500,0,0,58.138616448202946,3505.4881232175644,59.20716276952954,47.29959701022007,0.4021061718587615,0.22865175774913152
diabetes,OLS,Adam,123,0.31622776601683794,0.0,,192,300,0.04426204499986852,False,0.2094390501394782,2700,2700,79500,0,0,57.48269990863412,3531.6898425068835,59.42802236745628,47.24542939708144,0.39763722325613615,0.22709278787251835
diabetes,OLS,Adam,2024,0.31622776601683794,0.0,,196,300,0.04458387400052288,False,0.2094390501394782,2700,2700,79500,0,0,58.31922099976056,3698.840764206637,60.818095696976876,48.601097057547335,0.3691280681999576,0.23531637723736248
diabetes,Ridge,GD,42,0.31622776601683794,1.0,,7,67,0.0006397950000973651,False,0.30031526773037387,67,67,17755,0,0,59.246741928527726,3794.7318484262314,61.601394857797104,49.933620620438,0.35277294577094653,0.3007381711207088
diabetes,Ridge,GD,123,0.31622776601683794,1.0,,5,69,0.0007458699998892371,False,0.30031526773037387,69,69,18285,0,0,59.19018476493918,3844.8466256165357,62.00682725004187,50.15702153992077,0.34422540119867906,0.3018981407715305
diabetes,Ridge,GD,2024,0.31622776601683794,1.0,,69,69,0.0006750839999085656,False,0.30031526773037387,69,69,18285,0,0,59.298894080584,3794.934626588473,61.60304072518233,49.835675240559425,0.3527383600563686,0.3003152677303739
diabetes,Ridge,GD+LS,42,,1.0,,53,54,0.0008115379999935612,False,0.30031526773037387,54,54,14310,0,54,59.298894080582485,3794.9346265886397,61.60304072518369,49.8356752405594,0.3527383600563401,0.30031526773037387
diabetes,Ridge,GD+LS,123,,1.0,,5,58,0.0007946210000682186,False,0.30031526773037387,58,58,15370,0,58,59.25279507058084,3825.827682665148,61.85327544006985,49.91708871576045,0.3474692600305177,0.30050675586703124
diabetes,Ridge,GD+LS,2024,,1.0,,63,63,0.0008093490000646852,False,0.30031526773037387,63,63,16695,0,63,59.29889408058209,3794.934626588836,61.60304072518528,49.83567524055972,0.35273836005630665,0.30031526773037387
diabetes,Ridge,SGD,42,0.31622776601683794,1.0,,82,300,0.024569204999522753,False,0.30031526773037387,2700,2700,79500,0,0,56.68925499648326,3679.4190903719714,60.658215357624655,48.34366776943546,0.37244061655549454,0.34108592993695996
diabetes,Ridge,SGD,123,0.31622776601683794,1.0,,113,300,0.024483011999905102,False,0.30031526773037387,2700,2700,79500,0,0,56.78613190332859,3656.2484484715073,60.46692028267611,49.42466576238089,0.3763925865235578,0.32907731454261524
diabetes,Ridge,SGD,2024,0.31622776601683794,1.0,,172,300,0.024736992999578433,False,0.30031526773037387,2700,2700,79500,0,0,56.62801472523418,3717.0989498110725,60.96801579361979,49.408893064270984,0.36601396365809713,0.3545160044089596
diabetes,Ridge,Momentum,42,0.1,1.0,,65,300,0.027450168999848756,False,0.30031526773037387,2700,2700,79500,0,0,56.62242444274419,3915.307872383491,62.57242102063409,50.11165644480671,0.3322075756964117,0.3615617530014821
diabetes,Ridge,Momentum,123,0.1,1.0,,269,300,0.02903978499961113,False,0.30031526773037387,2700,2700,79500,0,0,56.58295057085626,3598.324152573503,59.98603297913193,47.92165053784361,0.38627211764718783,0.3304347124130598
diabetes,Ridge,Momentum,2024,0.1,1.0,,233,300,0.029573911999762004,False,0.30031526773037387,2700,2700,79500,0,0,57.14510501672489,3714.1894947447854,60.94415061960242,48.20409436986619,0.3665101984665582,0.338141438648647
diabetes,Ridge,AdaGrad,42,10.0,1.0,,280,300,0.030752087999530886,False,0.30031526773037387,2700,2700,79500,0,0,57.057623986175436,3731.5666837855047,61.0865507602574,49.13447534116101,0.3635463561391299,0.321726582623732
diabetes,Ridge,AdaGrad,123,10.0,1.0,,52,300,0.031271301999993284,False,0.30031526773037387,2700,2700,79500,0,0,57.013029781028656,4055.8114598120133,63.685253079594595,50.18596628462852,0.30824337305118643,0.3519099776680592
diabetes,Ridge,AdaGrad,2024,10.0,1.0,,16,300,0.031195396000669007,False,0.30031526773037387,2700,2700,79500,0,0,57.22952510444185,3325.6902250080875,57.66879767264172,46.68750649214941,0.43277238719699584,0.3254912880941258
diabetes,Ridge,RMSprop,42,0.1,1.0,,25,300,0.03452715700035469,False,0.30031526773037387,2700,2700,79500,0,0,57.04336732546616,3425.3355705623994,58.52636645617426,47.44357036602968,0.41577694033887325,0.34420600883355135
diabetes,Ridge,RMSprop,123,0.1,1.0,,113,300,0.03465248199972848,False,0.30031526773037387,2700,2700,79500,0,0,56.539453685192825,3634.5120677703135,60.28691456502243,49.15916793770113,0.3800999298122988,0.333731703594888
diabetes,Ridge,RMSprop,2024,0.1,1.0,,263,300,0.03417719500026806,False,0.30031526773037387,2700,2700,79500,0,0,56.55615918314258,4053.8625491342423,63.669950126682544,51.50709690159093,0.30857577801873437,0.3561881303112647
diabetes,Ridge,Adam,42,0.31622776601683794,1.0,,198,300,0.046822420999433234,False,0.30031526773037387,2700,2700,79500,0,0,57.083314434751884,3615.1268952387554,60.12592531711055,48.91504743740106,0.3834062525287578,0.3322180472708572
diabetes,Ridge,Adam,123,0.31622776601683794,1.0,,283,300,0.04677811199928783,False,0.30031526773037387,2700,2700,79500,0,0,56.39530129471917,3959.029688830007,62.920820789544756,50.56375951788439,0.32475041044876507,0.37256417135858194
diabetes,Ridge,Adam,2024,0.31622776601683794,1.0,,226,300,0.06428915000071811,False,0.30031526773037387,2700,2700,79500,0,0,57.068228278198816,3517.02591746276,59.30451852483721,46.949118687336856,0.4001382929993591,0.3536479233904584
diabetes,Kernel,GD,42,0.03162277660168379,0.03162277660168379,2.9126735729859763,371,2000,0.056612296998366674,False,0.2929640442797832,2000,2000,530000,0,0,57.57586472060875,3697.8409157169617,60.809875149657735,49.054452522286404,0.36929860172340434,0.2954840244121267
diabetes,Kernel,GD,123,0.03162277660168379,0.03162277660168379,2.9126735729859763,409,2000,0.05684636199976012,False,0.2929640442797832,2000,2000,530000,0,0,57.57799233979211,3701.607360423351,60.84083628964473,49.048277657485805,0.36865619930615734,0.29533003760804294
diabetes,Kernel,GD,2024,0.03162277660168379,0.03162277660168379,2.9126735729859763,342,2000,0.06618830500190143,False,0.2929640442797832,2000,2000,530000,0,0,57.58081716204299,3699.1355228211096,60.82051892923234,49.05127103677149,0.36907779435785903,0.2955631019053789
diabetes,Kernel,GD+LS,42,,0.03162277660168379,2.9126735729859763,91,2000,0.09134916499982637,False,0.2929640442797832,2000,2000,530000,0,2000,57.5544679284664,3710.194897428249,60.91136919679486,49.09351116321711,0.36719151444810383,0.29566607631154446
diabetes,Kernel,GD+LS,123,,0.03162277660168379,2.9126735729859763,235,2000,0.10026931000021477,False,0.2929640442797832,2000,2000,530000,0,2000,57.56767593385667,3707.5311090878226,60.88949916929702,49.06740244910609,0.3676458484958124,0.295422884879291
diabetes,Kernel,GD+LS,2024,,0.03162277660168379,2.9126735729859763,131,2000,0.10145494799968446,False,0.2929640442797832,2000,2000,530000,0,2000,57.56411833471179,3708.6456463381314,60.89865061180035,49.08179013739554,0.3674557537301849,0.29569934237859397
diabetes,Kernel,SGD,42,0.03162277660168379,0.03162277660168379,2.9126735729859763,131,300,0.0645829839995713,False,0.2929640442797832,2700,2700,79500,0,0,57.06310038468901,3836.9413737455898,61.94304943854144,49.479748494901536,0.3455737159375698,0.29697404783534487
diabetes,Kernel,SGD,123,0.03162277660168379,0.03162277660168379,2.9126735729859763,115,300,0.06195200199971396,False,0.2929640442797832,2700,2700,79500,0,0,57.13639930616841,3827.840099052459,61.86954096364752,49.144981793778086,0.34712602356947986,0.2995961067906604
diabetes,Kernel,SGD,2024,0.03162277660168379,0.03162277660168379,2.9126735729859763,45,300,0.06025816399971973,False,0.2929640442797832,2700,2700,79500,0,0,57.035188978162566,3722.1697078376455,61.00958701579323,48.98569623494435,0.3651490983892619,0.29629258204333
diabetes,Kernel,Momentum,42,0.01,0.03162277660168379,2.9126735729859763,119,300,0.06321456899996747,False,0.2929640442797832,2700,2700,79500,0,0,56.82186386645117,3734.388096382688,61.1096399627971,48.752803363651736,0.36306513779828786,0.29803665278009606
diabetes,Kernel,Momentum,123,0.01,0.03162277660168379,2.9126735729859763,75,300,0.06919407199904981,False,0.2929640442797832,2700,2700,79500,0,0,56.97373852036843,3805.2094771826287,61.686379997391874,49.13694809542542,0.35098588806405717,0.2969717802821902
diabetes,Kernel,Momentum,2024,0.01,0.03162277660168379,2.9126735729859763,63,300,0.07065679599986652,False,0.2929640442797832,2700,2700,79500,0,0,57.04889855718681,3759.5536875213606,61.315199482031865,49.02155491624553,0.35877291055504523,0.2957475466717746
diabetes,Kernel,AdaGrad,42,0.31622776601683794,0.03162277660168379,2.9126735729859763,242,300,0.08223980600007508,False,0.2929640442797832,2700,2700,79500,0,0,57.201564121420745,3793.3903991992415,61.590505755345454,49.27143240232755,0.3530017424992167,0.2977408851377161
diabetes,Kernel,AdaGrad,123,0.31622776601683794,0.03162277660168379,2.9126735729859763,115,300,0.07180835799925944,False,0.2929640442797832,2700,2700,79500,0,0,57.01719952125525,3851.4051225718845,62.05968999738787,49.416019438064474,0.34310678812293804,0.30464746270041687
diabetes,Kernel,AdaGrad,2024,0.31622776601683794,0.03162277660168379,2.9126735729859763,298,300,0.07323587200011161,False,0.2929640442797832,2700,2700,79500,0,0,57.184375575288534,3848.3559012191795,62.03511828971699,49.378569895140345,0.34362686138045206,0.2975644665617676
diabetes,Kernel,RMSprop,42,0.01,0.03162277660168379,2.9126735729859763,289,300,0.07670984799977987,False,0.2929640442797832,2700,2700,79500,0,0,56.85678202469754,3822.111592128801,61.823228580597444,49.17285079299648,0.34810307407249963,0.2995747678644411
diabetes,Kernel,RMSprop,123,0.01,0.03162277660168379,2.9126735729859763,274,300,0.0848408140001311,False,0.2929640442797832,2700,2700,79500,0,0,57.17536046912293,3881.5912652207835,62.30241781199814,49.5625466100785,0.3379582588024045,0.300742482019157
diabetes,Kernel,RMSprop,2024,0.01,0.03162277660168379,2.9126735729859763,74,300,0.07304373500005568,False,0.2929640442797832,2700,2700,79500,0,0,57.22287965440053,3714.828234857742,60.94939076691203,48.70415303884159,0.3664012553585233,0.29500296273331794
diabetes,Kernel,Adam,42,1.0,0.03162277660168379,2.9126735729859763,74,300,0.09411781400001473,False,0.2929640442797832,2700,2700,79500,0,0,56.01517694333909,3595.079101992179,59.95897849356824,47.99674444753826,0.3868255914135742,0.32641053968749756
diabetes,Kernel,Adam,123,1.0,0.03162277660168379,2.9126735729859763,27,300,0.09438925700004575,False,0.2929640442797832,2700,2700,79500,0,0,56.689921898495065,3853.4864292093803,62.076456319681945,49.706221545636254,0.3427518017845773,0.328258094867899
diabetes,Kernel,Adam,2024,1.0,0.03162277660168379,2.9126735729859763,35,300,0.09439864500006934,False,0.2929640442797832,2700,2700,79500,0,0,57.0474066841186,3668.591225622008,60.56889651976506,48.89477699034312,0.37428741029102963,0.3178156483443022
