dataset,méthode,eta,graines,J_tau,inertie moy.,clusters non vides,silhouette,ARI,NMI,meilleure époque,mises à jour,appels gradient,appels perte,temps (s)
blobs,gd,1.0,3,0.5643 ± 0.0000,0.2903 ± 0.0000,3.0 ± 0.0,0.6793 ± 0.0000,0.9751 ± 0.0000,0.9596 ± 0.0000,30.3 ± 2.6,100 ± 0,100 ± 0,0 ± 0,0.015 ± 0.001
blobs,gd+ls,3.0,3,0.5643 ± 0.0000,0.2903 ± 0.0000,3.0 ± 0.0,0.6793 ± 0.0000,0.9751 ± 0.0000,0.9596 ± 0.0000,32.3 ± 6.8,100 ± 0,100 ± 0,1400 ± 0,0.169 ± 0.003
blobs,sgd,0.1,3,0.5643 ± 0.0000,0.2903 ± 0.0000,3.0 ± 0.0,0.6793 ± 0.0000,0.9751 ± 0.0000,0.9596 ± 0.0000,28.7 ± 9.4,300 ± 0,300 ± 0,0 ± 0,0.029 ± 0.002
blobs,momentum,0.01,3,0.5643 ± 0.0000,0.2903 ± 0.0000,3.0 ± 0.0,0.6793 ± 0.0000,0.9751 ± 0.0000,0.9596 ± 0.0000,37.7 ± 7.6,300 ± 0,300 ± 0,0 ± 0,0.027 ± 0.001
blobs,adagrad,0.1,3,0.5645 ± 0.0003,0.2905 ± 0.0003,3.0 ± 0.0,0.6793 ± 0.0000,0.9751 ± 0.0000,0.9596 ± 0.0000,48.3 ± 1.7,300 ± 0,300 ± 0,0 ± 0,0.033 ± 0.004
blobs,rmsprop,0.01,3,0.5643 ± 0.0000,0.2903 ± 0.0000,3.0 ± 0.0,0.6793 ± 0.0000,0.9751 ± 0.0000,0.9596 ± 0.0000,42.0 ± 5.1,300 ± 0,300 ± 0,0 ± 0,0.031 ± 0.003
blobs,adam,0.03,3,0.5643 ± 0.0000,0.2903 ± 0.0000,3.0 ± 0.0,0.6793 ± 0.0000,0.9751 ± 0.0000,0.9596 ± 0.0000,34.3 ± 3.3,300 ± 0,300 ± 0,0 ± 0,0.035 ± 0.005
blobs,lloyd,,3,0.5643 ± 0.0000,0.2903 ± 0.0000,3.0 ± 0.0,0.6793 ± 0.0000,0.9751 ± 0.0000,0.9596 ± 0.0000,30.0 ± 0.0,30 ± 0,0 ± 0,0 ± 0,0.005 ± 0.000
wine,gd,0.3,3,7.4539 ± 0.0000,7.1794 ± 0.0000,3.0 ± 0.0,0.2849 ± 0.0000,0.8975 ± 0.0000,0.8759 ± 0.0000,98.3 ± 2.4,100 ± 0,100 ± 0,0 ± 0,0.011 ± 0.000
wine,gd+ls,0.3,3,7.4539 ± 0.0000,7.1794 ± 0.0000,3.0 ± 0.0,0.2849 ± 0.0000,0.8975 ± 0.0000,0.8759 ± 0.0000,98.7 ± 1.9,100 ± 0,100 ± 0,1400 ± 0,0.135 ± 0.002
wine,sgd,0.1,3,7.4779 ± 0.0336,7.2040 ± 0.0346,3.0 ± 0.0,0.2827 ± 0.0031,0.8658 ± 0.0448,0.8422 ± 0.0476,46.0 ± 3.7,150 ± 0,150 ± 0,0 ± 0,0.016 ± 0.002
wine,momentum,0.01,3,7.4782 ± 0.0341,7.2048 ± 0.0357,3.0 ± 0.0,0.2831 ± 0.0025,0.8712 ± 0.0372,0.8477 ± 0.0399,48.7 ± 1.9,150 ± 0,150 ± 0,0 ± 0,0.017 ± 0.002
wine,adagrad,0.3,3,7.4551 ± 0.0002,7.1805 ± 0.0002,3.0 ± 0.0,0.2849 ± 0.0000,0.8975 ± 0.0000,0.8759 ± 0.0000,45.3 ± 3.7,150 ± 0,150 ± 0,0 ± 0,0.019 ± 0.000
wine,rmsprop,0.03,3,7.4555 ± 0.0001,7.1809 ± 0.0002,3.0 ± 0.0,0.2849 ± 0.0000,0.8975 ± 0.0000,0.8759 ± 0.0000,43.7 ± 4.5,150 ± 0,150 ± 0,0 ± 0,0.016 ± 0.001
wine,adam,0.03,3,7.4545 ± 0.0002,7.1800 ± 0.0002,3.0 ± 0.0,0.2849 ± 0.0000,0.8975 ± 0.0000,0.8759 ± 0.0000,47.3 ± 3.1,150 ± 0,150 ± 0,0 ± 0,0.017 ± 0.000
wine,lloyd,,3,7.4631 ± 0.0100,7.1894 ± 0.0111,3.0 ± 0.0,0.2838 ± 0.0023,0.8860 ± 0.0294,0.8716 ± 0.0191,30.0 ± 0.0,30 ± 0,0 ± 0,0 ± 0,0.004 ± 0.000
fashion,gd,3.0,3,43.1235 ± 0.2755,32.2439 ± 0.3395,10.0 ± 0.0,0.1393 ± 0.0105,0.3459 ± 0.0222,0.4992 ± 0.0125,40.0 ± 0.0,40 ± 0,40 ± 0,0 ± 0,9.538 ± 0.301
fashion,gd+ls,3.0,3,43.1238 ± 0.2753,32.2442 ± 0.3393,10.0 ± 0.0,0.1393 ± 0.0105,0.3459 ± 0.0222,0.4992 ± 0.0125,40.0 ± 0.0,40 ± 0,40 ± 0,560 ± 0,182.745 ± 0.509
fashion,sgd,3.0,3,42.8918 ± 0.0612,31.9843 ± 0.1054,10.0 ± 0.0,0.1443 ± 0.0066,0.3551 ± 0.0181,0.5076 ± 0.0093,3.7 ± 0.9,200 ± 0,200 ± 0,0 ± 0,2.276 ± 0.870
fashion,momentum,0.3,3,43.1443 ± 0.4812,32.2251 ± 0.4734,9.7 ± 0.5,0.1457 ± 0.0066,0.3368 ± 0.0078,0.4960 ± 0.0111,5.7 ± 0.5,200 ± 0,200 ± 0,0 ± 0,2.672 ± 0.235
fashion,adagrad,0.1,3,42.8583 ± 0.0895,31.9658 ± 0.1407,10.0 ± 0.0,0.1415 ± 0.0083,0.3422 ± 0.0040,0.5002 ± 0.0080,6.7 ± 0.9,200 ± 0,200 ± 0,0 ± 0,1.748 ± 0.029
fashion,rmsprop,0.01,3,42.9409 ± 0.1177,32.0345 ± 0.1545,10.0 ± 0.0,0.1417 ± 0.0084,0.3456 ± 0.0024,0.5036 ± 0.0065,6.7 ± 0.9,200 ± 0,200 ± 0,0 ± 0,1.721 ± 0.055
fashion,adam,0.01,3,42.8835 ± 0.1154,31.9767 ± 0.1580,10.0 ± 0.0,0.1421 ± 0.0082,0.3462 ± 0.0042,0.5039 ± 0.0080,8.0 ± 0.0,200 ± 0,200 ± 0,0 ± 0,2.299 ± 0.780
fashion,lloyd,,3,42.9717 ± 0.1610,32.0455 ± 0.2043,10.0 ± 0.0,0.1436 ± 0.0077,0.3395 ± 0.0135,0.5004 ± 0.0173,20.0 ± 0.0,20 ± 0,0 ± 0,0 ± 0,4.421 ± 0.381
mnist,gd,3.0,3,49.5797 ± 0.2623,39.9059 ± 0.2010,9.7 ± 0.5,0.0538 ± 0.0050,0.3306 ± 0.0261,0.4572 ± 0.0188,40.0 ± 0.0,40 ± 0,40 ± 0,0 ± 0,9.927 ± 0.555
mnist,gd+ls,3.0,3,49.4286 ± 0.1962,39.8150 ± 0.1118,10.0 ± 0.0,0.0541 ± 0.0097,0.3298 ± 0.0495,0.4543 ± 0.0371,40.0 ± 0.0,40 ± 0,40 ± 0,560 ± 0,182.749 ± 1.014
mnist,sgd,3.0,3,49.3890 ± 0.3602,39.6034 ± 0.3153,9.7 ± 0.5,0.0539 ± 0.0009,0.3588 ± 0.0026,0.4801 ± 0.0021,7.0 ± 0.8,200 ± 0,200 ± 0,0 ± 0,2.064 ± 0.630
mnist,momentum,0.1,3,49.2788 ± 0.0478,39.7276 ± 0.0812,10.0 ± 0.0,0.0533 ± 0.0066,0.3392 ± 0.0322,0.4608 ± 0.0194,7.7 ± 0.5,200 ± 0,200 ± 0,0 ± 0,1.681 ± 0.020
mnist,adagrad,0.3,3,49.1803 ± 0.0208,39.4381 ± 0.0490,10.0 ± 0.0,0.0535 ± 0.0003,0.3540 ± 0.0034,0.4761 ± 0.0026,7.3 ± 0.9,200 ± 0,200 ± 0,0 ± 0,2.874 ± 0.817
mnist,rmsprop,0.01,3,49.1851 ± 0.0662,39.4341 ± 0.0573,10.0 ± 0.0,0.0543 ± 0.0013,0.3571 ± 0.0031,0.4800 ± 0.0054,7.3 ± 0.9,200 ± 0,200 ± 0,0 ± 0,2.310 ± 0.839
mnist,adam,0.01,3,49.2694 ± 0.0182,39.6402 ± 0.0929,10.0 ± 0.0,0.0541 ± 0.0042,0.3572 ± 0.0345,0.4726 ± 0.0226,8.0 ± 0.0,200 ± 0,200 ± 0,0 ± 0,2.034 ± 0.582
mnist,lloyd,,3,49.4323 ± 0.0678,39.4009 ± 0.1262,10.0 ± 0.0,0.0569 ± 0.0071,0.3604 ± 0.0301,0.4831 ± 0.0182,20.0 ± 0.0,20 ± 0,0 ± 0,0 ± 0,4.349 ± 0.319
