dataset,method,seed,eta,J_tau,inertia_mean,n_clusters,ari,nmi,silhouette,best_epoch,n_updates,n_grad,n_loss,train_time_s,best_val_loss
blobs,gd,42,1.0,0.5642759384733231,0.2902628686860694,3,0.9751052401180592,0.959625298530551,0.679299324070599,29,100,100,0,0.0139896029997999,0.5642759384733231
blobs,gd,123,1.0,0.5642759384733232,0.2902628686860735,3,0.9751052401180592,0.959625298530551,0.679299324070599,28,100,100,0,0.014919100000497565,0.5642759384733232
blobs,gd,2024,1.0,0.5642759384733232,0.2902628686860701,3,0.9751052401180592,0.959625298530551,0.679299324070599,34,100,100,0,0.015289807001408917,0.5642759384733232
blobs,gd+ls,42,3.0,0.5642759384733231,0.2902628686860701,3,0.9751052401180592,0.959625298530551,0.679299324070599,28,100,100,1400,0.17230364199872383,0.5642759384733231
blobs,gd+ls,123,3.0,0.5642759384733231,0.2902628686860703,3,0.9751052401180592,0.959625298530551,0.679299324070599,27,100,100,1400,0.1661600190000172,0.5642759384733231
blobs,gd+ls,2024,3.0,0.5642759384733231,0.2902628686860701,3,0.9751052401180592,0.959625298530551,0.679299324070599,42,100,100,1400,0.1670847000023059,0.5642759384733231
blobs,sgd,42,0.1,0.5642796435638608,0.2902633861918756,3,0.9751052401180592,0.959625298530551,0.679299324070599,29,300,300,0,0.029869835001363754,0.5642796435638608
blobs,sgd,123,0.1,0.5642839986328886,0.29027163762928637,3,0.9751052401180592,0.959625298530551,0.679299324070599,17,300,300,0,0.03182450699932815,0.5642839986328886
blobs,sgd,2024,0.1,0.5642790120753224,0.290266078977343,3,0.9751052401180592,0.959625298530551,0.679299324070599,40,300,300,0,0.026293341999917175,0.5642790120753224
blobs,momentum,42,0.01,0.5642797702287365,0.2902655842701861,3,0.9751052401180592,0.959625298530551,0.679299324070599,44,300,300,0,0.028244179000012082,0.5642797702287365
blobs,momentum,123,0.01,0.5642802162792042,0.29026996145327527,3,0.9751052401180592,0.959625298530551,0.679299324070599,27,300,300,0,0.027277953000520938,0.5642802162792042
blobs,momentum,2024,0.01,0.5642808701517721,0.2902691510105866,3,0.9751052401180592,0.959625298530551,0.679299324070599,42,300,300,0,0.026793928999950367,0.5642808701517721
blobs,adagrad,42,0.1,0.5643215033035669,0.29031571647938875,3,0.9751052401180592,0.959625298530551,0.679299324070599,49,300,300,0,0.027545382000880636,0.5643215033035669
blobs,adagrad,123,0.1,0.5648580869419711,0.2908797731269018,3,0.9751052401180592,0.959625298530551,0.679299324070599,50,300,300,0,0.03608772599977783,0.5648580869419711
blobs,adagrad,2024,0.1,0.5642873529212687,0.29027096254819107,3,0.9751052401180592,0.959625298530551,0.679299324070599,46,300,300,0,0.03463116899979468,0.5642873529212687
blobs,rmsprop,42,0.01,0.5642940679081778,0.2902898850151959,3,0.9751052401180592,0.959625298530551,0.679299324070599,37,300,300,0,0.03473530300061611,0.5642940679081778
blobs,rmsprop,123,0.01,0.5643251253585169,0.2903118567406289,3,0.9751052401180592,0.959625298530551,0.679299324070599,49,300,300,0,0.029577813000059905,0.5643251253585169
blobs,rmsprop,2024,0.01,0.5642907097825274,0.2902748321940571,3,0.9751052401180592,0.959625298530551,0.679299324070599,40,300,300,0,0.027979777000382455,0.5642907097825274
blobs,adam,42,0.03,0.5643273246494142,0.29031148053425865,3,0.9751052401180592,0.959625298530551,0.679299324070599,39,300,300,0,0.029704185001264705,0.5643273246494142
blobs,adam,123,0.03,0.5642975158321508,0.29028470574306453,3,0.9751052401180592,0.959625298530551,0.679299324070599,32,300,300,0,0.0345142080000187,0.5642975158321508
blobs,adam,2024,0.03,0.5642991347785828,0.29029567627660324,3,0.9751052401180592,0.959625298530551,0.679299324070599,32,300,300,0,0.0413066740013619,0.5642991347785828
blobs,lloyd,42,,0.5642770164880901,0.29026174108609737,3,0.9751052401180592,0.959625298530551,0.679299324070599,30,30,0,0,0.004624501999160202,0.5642770164880901
blobs,lloyd,123,,0.5642770164880901,0.29026174108609737,3,0.9751052401180592,0.959625298530551,0.679299324070599,30,30,0,0,0.004645437000135644,0.5642770164880901
blobs,lloyd,2024,,0.5642770164880903,0.29026174108609737,3,0.9751052401180592,0.959625298530551,0.679299324070599,30,30,0,0,0.00480308399983187,0.5642770164880903
wine,gd,42,0.3,7.453930429562352,7.179377133874624,3,0.8974949815093207,0.8758935341223069,0.2848589191898987,95,100,100,0,0.010697645001755518,7.453930429562352
wine,gd,123,0.3,7.4539304295624245,7.179377133052818,3,0.8974949815093207,0.8758935341223069,0.2848589191898987,100,100,100,0,0.01155262400106949,7.4539304295624245
wine,gd,2024,0.3,7.453930431663654,7.17937700887148,3,0.8974949815093207,0.8758935341223069,0.2848589191898987,100,100,100,0,0.010697107999703803,7.453930431663654
wine,gd+ls,42,0.3,7.453930429562352,7.17937713387399,3,0.8974949815093207,0.8758935341223069,0.2848589191898987,96,100,100,1400,0.13214683500063984,7.453930429562352
wine,gd+ls,123,0.3,7.453930429562428,7.179377133025384,3,0.8974949815093207,0.8758935341223069,0.2848589191898987,100,100,100,1400,0.13529401199912172,7.453930429562428
wine,gd+ls,2024,0.3,7.453930431789873,7.1793770053302515,3,0.8974949815093207,0.8758935341223069,0.2848589191898987,100,100,100,1400,0.13734679999970467,7.453930431789873
wine,sgd,42,0.1,7.454138011400596,7.179592476757736,3,0.8974949815093207,0.8758935341223069,0.2848589191898987,41,150,150,0,0.014184352999791372,7.454138011400596
wine,sgd,123,0.1,7.454162263413233,7.179606948078748,3,0.8974949815093207,0.8758935341223069,0.2848589191898987,47,150,150,0,0.018137215999558975,7.454162263413233
wine,sgd,2024,0.1,7.525418508836931,7.252945489770656,3,0.8024591068836742,0.7748623775533803,0.2783180532278407,50,150,150,0,0.015084035999734624,7.525418508836931
wine,momentum,42,0.01,7.454095866945473,7.179558213098775,3,0.8974949815093207,0.8758935341223069,0.2848589191898987,46,150,150,0,0.01449713300030453,7.454095866945473
wine,momentum,123,0.01,7.4540634780965656,7.179516533033099,3,0.8974949815093207,0.8758935341223069,0.2848589191898987,50,150,150,0,0.018358169000066482,7.4540634780965656
wine,momentum,2024,0.01,7.5264614738463855,7.255290191223102,3,0.8185226231289698,0.7912053398035118,0.2794958934960057,50,150,150,0,0.018301658999462234,7.5264614738463855
wine,adagrad,42,0.3,7.454821286805629,7.180277824203644,3,0.8974949815093207,0.8758935341223069,0.2848589191898987,41,150,150,0,0.018864961000190306,7.454821286805629
wine,adagrad,123,0.3,7.455101408675313,7.1805871130583725,3,0.8974949815093207,0.8758935341223069,0.2848589191898987,45,150,150,0,0.018873013999836985,7.455101408675313
wine,adagrad,2024,0.3,7.455230777262759,7.180658980416712,3,0.8974949815093207,0.8758935341223069,0.2848589191898987,50,150,150,0,0.01826437700015049,7.455230777262759
wine,rmsprop,42,0.03,7.455293923946555,7.180723362801214,3,0.8974949815093207,0.8758935341223069,0.2848589191898987,41,150,150,0,0.017475402999934886,7.455293923946555
wine,rmsprop,123,0.03,7.455573586515055,7.181025211503689,3,0.8974949815093207,0.8758935341223069,0.2848589191898987,40,150,150,0,0.01573421400121333,7.455573586515055
wine,rmsprop,2024,0.03,7.455624197850578,7.181056551820756,3,0.8974949815093207,0.8758935341223069,0.2848589191898987,50,150,150,0,0.015489630999809378,7.455624197850578
wine,adam,42,0.03,7.454261974223678,7.179713542867572,3,0.8974949815093207,0.8758935341223069,0.2848589191898987,43,150,150,0,0.01657698900021387,7.454261974223678
wine,adam,123,0.03,7.454570105356212,7.180037943569586,3,0.8974949815093207,0.8758935341223069,0.2848589191898987,49,150,150,0,0.017325085000265972,7.454570105356212
wine,adam,2024,0.03,7.454657101854005,7.180107058351498,3,0.8974949815093207,0.8758935341223069,0.2848589191898987,50,150,150,0,0.01643497299869523,7.454657101854005
wine,lloyd,42,,7.453933661619443,7.179373532835069,3,0.8974949815093207,0.8758935341223069,0.2848589191898987,30,30,0,0,0.004058149000002231,7.453933661619443
wine,lloyd,123,,7.45837840618457,7.184049305431541,3,0.9148795960669529,0.8925851652969188,0.28594199657074876,30,30,0,0,0.0042006159990251035,7.45837840618457
wine,lloyd,2024,,7.477019743985571,7.204851226665905,3,0.8456161913329393,0.846355844744457,0.28068179573738833,30,30,0,0,0.0043760360006217525,7.477019743985571
fashion,gd,42,3.0,43.25879986987746,32.39545440673828,10,0.31675354488825913,0.48566504920440046,0.14040592312812805,40,40,40,0,9.113147774999106,43.46019108997023
fashion,gd,123,3.0,43.37224705920851,32.56259536743164,10,0.3706082470371943,0.4962014597907701,0.12591993808746338,40,40,40,0,9.727125027000739,43.441253025395035
fashion,gd,2024,3.0,42.739449817997574,31.77354621887207,10,0.3502522292450682,0.5157378461344776,0.15165282785892487,40,40,40,0,9.773649679999835,42.97228177295363
fashion,gd+ls,42,3.0,43.25900395618117,32.39574432373047,10,0.31675354488825913,0.48566504920440046,0.14040592312812805,40,40,40,560,182.031060109,43.460343677860855
fashion,gd+ls,123,3.0,43.372392017704605,32.56266784667969,10,0.370587664147414,0.4961806012607019,0.12591993808746338,40,40,40,560,183.0240447390006,43.441266376835465
fashion,gd+ls,2024,3.0,42.73994382129347,31.77416229248047,10,0.350236357177267,0.5157215043005559,0.15165282785892487,40,40,40,560,183.1796474200005,42.972937900883316
fashion,sgd,42,3.0,42.95538266406691,32.09747314453125,10,0.33828256431793935,0.4949617896588033,0.13833776116371155,3,200,200,0,3.5050033339998663,43.14470036731398
fashion,sgd,123,3.0,42.91096051440871,32.0117073059082,10,0.38032075921264313,0.5167787742703035,0.1412220150232315,5,200,200,0,1.7197918109995953,43.04790051685011
fashion,sgd,2024,3.0,42.80914433704054,31.84375,10,0.3468211892022927,0.5111883560175425,0.15346954762935638,3,200,200,0,1.603606654000032,43.01449139819777
fashion,momentum,42,0.3,42.892756779057144,32.05908203125,10,0.33257133924837967,0.48913250757547627,0.1367647796869278,5,200,200,0,3.0036328340002,43.1070226024214
fashion,momentum,123,0.3,43.817670185429215,32.86974334716797,9,0.3300602322065624,0.48717275917650277,0.14796462655067444,6,200,200,0,2.493082981000498,43.97687276111281
fashion,momentum,2024,0.3,42.722516376835465,31.74650001525879,10,0.3477172843893029,0.5116571745081997,0.1524372547864914,6,200,200,0,2.519975746000455,42.94230015979445
fashion,adagrad,42,0.1,42.89994176135695,32.04561233520508,10,0.3374303433053918,0.4946779373495175,0.13891345262527466,6,200,200,0,1.7069863380002062,43.10514386401808
fashion,adagrad,123,0.1,42.94099362598097,32.083621978759766,10,0.34203883439144206,0.4943793720995854,0.13286221027374268,6,200,200,0,1.764104094000686,43.026091892582535
fashion,adagrad,2024,0.1,42.73391850696242,31.76806640625,10,0.347114037418593,0.5114837358951511,0.15264840424060822,8,200,200,0,1.7731620709996605,42.94646390185988
fashion,rmsprop,42,0.01,43.06384404407179,32.1641960144043,10,0.3479321172910714,0.5048718740096085,0.13977938890457153,6,200,200,0,1.7988739110001006,43.125266392094254
fashion,rmsprop,123,0.01,42.97665913806593,32.12184524536133,10,0.342370533755741,0.49500083216748375,0.1324671059846878,6,200,200,0,1.6917963850009983,43.06146939502394
fashion,rmsprop,2024,0.01,42.78232892261183,31.817378997802734,10,0.34658904276154057,0.510868773140632,0.15286587178707123,8,200,200,0,1.673776308000015,42.99475033984816
fashion,adam,42,0.01,42.99453099475539,32.0969123840332,10,0.3501321701733749,0.5062762160570277,0.14015188813209534,8,200,200,0,1.7030367389997991,43.06285413013136
fashion,adam,123,0.01,42.93160374866164,32.079673767089844,10,0.3404403759178513,0.4931556909457235,0.1331755667924881,8,200,200,0,3.4006555770001796,43.02727635608351
fashion,adam,2024,0.01,42.724490482670426,31.75347137451172,10,0.3481400219775197,0.5123849068258322,0.15290120244026184,8,200,200,0,1.7939910710006188,42.93806203113234
fashion,lloyd,42,,43.182410557133316,32.288719177246094,10,0.33289075964030246,0.49490173958800593,0.14188262820243835,20,20,0,0,4.723570667000331,43.4100125621382
fashion,lloyd,123,,42.94106038318312,32.05885314941406,10,0.3271657051118893,0.48260267345804964,0.135081484913826,20,20,0,0,3.883966164001322,43.05010922656691
fashion,lloyd,2024,,42.79176266894972,31.78888702392578,10,0.3583375036315215,0.5238069061061448,0.15374918282032013,20,20,0,0,4.655843984999592,43.024043400150894
mnist,gd,42,3.0,49.62515385852492,39.904842376708984,10,0.36668179817631136,0.4837613376136298,0.060490336269140244,40,40,40,0,9.64076261100081,49.201005298954605
mnist,gd,123,3.0,49.23812993274367,39.66024398803711,10,0.3060160621959243,0.4425228271349091,0.0483846515417099,40,40,40,0,9.437180102002003,48.75475819812453
mnist,gd,2024,3.0,49.875905353886246,40.152645111083984,9,0.318980728904005,0.44519043319538315,0.052447106689214706,40,40,40,0,10.70205076900129,49.387311298710465
mnist,gd+ls,42,3.0,49.69864400134718,39.862674713134766,10,0.3986240458656926,0.5045971587457929,0.0677046999335289,40,40,40,560,184.15105505999782,49.12593968616164
mnist,gd+ls,123,3.0,49.238290150028824,39.660587310791016,10,0.3060009864414724,0.4423984704394925,0.04852481558918953,40,40,40,560,182.30967811700066,48.75485738025343
mnist,gd+ls,2024,3.0,49.34871800647414,39.92179489135742,10,0.2846584431546434,0.41603603602684924,0.04595579579472542,40,40,40,560,181.7860047489994,48.90411122546828
mnist,sgd,42,3.0,49.11510594592726,39.37667465209961,10,0.3569348010345829,0.4788655865700682,0.05288870260119438,7,200,200,0,1.5984473569997135,48.70013936267531
mnist,sgd,123,3.0,49.15392811999953,39.38425064086914,10,0.3569376630849634,0.4783396093028476,0.05375202000141144,8,200,200,0,1.6394059610011027,48.65724690662062
mnist,sgd,2024,3.0,49.89794667468703,40.0492057800293,9,0.3624251882164524,0.4831249944969445,0.055125992745161057,6,200,200,0,2.9552379270007805,49.333844501835465
mnist,momentum,42,0.1,49.34575017200148,39.659610748291016,10,0.3847594139777067,0.48727765213029706,0.06230245903134346,8,200,200,0,1.709260825000456,48.784921009403824
mnist,momentum,123,0.1,49.23718007312453,39.68154525756836,10,0.31718360944910673,0.4534125210098867,0.050668563693761826,7,200,200,0,1.6665229029986222,48.70995839343703
mnist,momentum,2024,0.1,49.25354512439406,39.8416862487793,10,0.3156936932390257,0.4415662431565995,0.04682731255888939,8,200,200,0,1.6674355689983713,48.78698476062453
mnist,adagrad,42,0.3,49.158131916386246,39.411781311035156,10,0.35407339969818175,0.4752329491214931,0.05387064069509506,8,200,200,0,3.482399802001055,48.725411732060074
mnist,adagrad,123,0.3,49.17470296130812,39.39570617675781,10,0.35820191288222347,0.4795876827284188,0.053212475031614304,8,200,200,0,3.420401497000057,48.67812474475539
mnist,adagrad,2024,0.3,49.208180744511246,39.50673294067383,10,0.3498344735880022,0.47333474085128463,0.05332170054316521,6,200,200,0,1.7188059420013815,48.68415578113234
mnist,rmsprop,42,0.01,49.27678044543898,39.501251220703125,10,0.35908364099252327,0.4862573206409592,0.05615485459566116,6,200,200,0,3.4956894520018977,48.70181782947218
mnist,rmsprop,123,0.01,49.123036701542496,39.36113739013672,10,0.35952946111653855,0.48077875615384147,0.05331955477595329,8,200,200,0,1.7245649610003966,48.632558185917496
mnist,rmsprop,2024,0.01,49.15554555164015,39.4398193359375,10,0.3526629759434584,0.4729824834188057,0.05335687845945358,8,200,200,0,1.7084076699993602,48.66513188586867
mnist,adam,42,0.01,49.28004201160109,39.50905990600586,10,0.37328992748486045,0.4948890010054628,0.057370543479919434,8,200,200,0,1.6111517839990483,48.68103535876906
mnist,adam,123,0.01,49.243756611210465,39.69916915893555,10,0.38901838739761324,0.48140994306807194,0.056683607399463654,8,200,200,0,2.8573676659998455,48.64785512195265
mnist,adam,2024,0.01,49.284501392704605,39.71223068237305,10,0.30917063966035285,0.44155154856141127,0.04822623357176781,8,200,200,0,1.6342675219993907,48.77457555041945
mnist,lloyd,42,,49.441640217167496,39.34030532836914,10,0.40283867295256487,0.5077937364423563,0.06675796210765839,20,20,0,0,4.549381468998945,48.84158070789015
mnist,lloyd,123,,49.51027425037062,39.57656478881836,10,0.33691487009817767,0.46442000999143296,0.053985144942998886,20,20,0,0,3.8983741069969255,49.1182645152632
mnist,lloyd,2024,,49.34497197375929,39.2859001159668,10,0.34149512711920416,0.4771823426149995,0.0500665009021759,20,20,0,0,4.597912066998106,48.91844304309523
