x1,x2,label,split
-0.27139155,-0.60826852,2,train
0.68959776,0.28629558,1,test
0.77455375,0.38935948,1,test
-0.28212491,-0.56929951,2,train
0.22011760,0.40652406,0,train
-0.31123387,-0.71101736,2,train
-0.27020609,0.56471930,0,val
0.46076875,-0.83929062,2,train
-0.28041707,-0.75286145,2,val
0.21917636,0.13503195,0,train
0.62471239,0.70557329,1,train
-0.32548853,-0.61842904,2,train
0.74550831,0.26929675,1,val
0.04891568,-0.80770059,2,test
-0.86567490,0.16192951,0,train
0.19115491,-0.82193242,2,train
0.13538056,-0.35124934,1,train
-0.42288587,0.02438043,2,val
0.31809444,-0.45605611,1,test
-0.09048151,-0.17321696,1,train
0.49330972,-0.79112744,2,train
-0.09660225,-0.13571943,1,train
-0.41818022,-0.01719075,2,train
-0.68628670,0.42753917,0,train
-0.39337644,-0.54950847,2,test
0.14429327,0.44882060,0,train
-0.44765492,0.51149979,0,val
0.00120791,0.48084751,0,test
0.69999082,0.12290187,1,train
0.46624299,-0.79621302,2,train
0.21395110,0.36464670,0,train
-0.48893039,0.52398133,0,train
0.27794443,-0.88444266,2,train
0.67150098,0.05803536,1,test
-0.03936952,-0.19674012,1,train
0.21377615,0.00681014,0,test
0.09422478,0.44245145,0,train
0.27160422,0.24267600,0,train
-0.00169178,-0.21677024,1,train
-0.07120635,0.55702635,0,train
0.24188175,0.07084983,0,train
-1.00772863,-0.06586561,0,train
-0.48696561,0.54672186,0,train
-0.50150705,-0.08657807,2,test
0.29806788,-0.35280006,1,test
0.36917761,0.89071322,1,train
0.09072204,0.54986754,0,train
-0.26437070,-0.61037444,2,train
-0.51940880,-0.16384102,2,test
0.70387122,0.12447129,1,train
-0.46263894,-0.01224505,2,test
0.28434116,0.06484150,0,train
0.58398628,-0.19448666,1,test
-0.33616226,0.17140459,2,val
0.22943896,-0.00128215,0,train
-0.27833294,0.57464117,0,train
-0.11376983,0.60849038,0,train
-0.27050565,0.64304339,0,train
0.23499613,-0.35165856,1,train
0.47468555,-0.21308986,1,train
-0.46293227,-0.29518064,2,train
-0.94320932,-0.33838739,0,test
0.21204107,1.01545615,1,train
-0.02907194,-0.84048531,2,val
-0.10548307,0.17305128,2,train
-0.46249946,0.53652742,0,train
-0.41084241,-0.09490528,2,test
-0.09586878,-0.21809879,1,train
0.18167339,-0.01338266,0,val
0.26170406,-0.92363433,2,train
0.10739904,-0.29522611,1,val
-0.19662695,-0.70792649,2,test
0.24182298,-0.41461516,1,train
0.08940870,0.52981535,0,train
0.14608528,-0.38863054,1,train
-0.53822961,-0.18087169,2,train
-0.25651616,0.10852076,2,val
0.17585800,0.33864460,0,val
0.16998310,0.02110065,0,test
0.14413356,-0.80848451,2,train
-0.11202588,0.15580242,2,val
-0.76734483,0.35069072,0,train
0.12931481,0.02550988,0,train
-0.31149080,0.58259934,0,val
0.67793865,0.04055194,1,train
-0.00569957,-0.19090895,1,val
-0.48871964,-0.18213519,2,train
-0.48053999,-0.34271390,2,val
0.66729577,-0.00056643,1,test
-0.06662645,-0.17203153,1,test
0.04316787,0.59663265,0,val
-0.85628165,0.26564258,0,test
-0.43075340,0.52624715,0,train
0.37178168,-0.31090684,1,train
-0.23146019,0.11695268,2,test
-0.39393901,-0.41522563,2,train
-0.35853741,-0.56014217,2,train
-0.03569473,-0.73885706,2,val
0.24216332,0.29687157,0,val
-0.70190138,0.40003593,0,train
-0.53366274,-0.15607109,2,train
-0.45141722,-0.04219109,2,train
-0.91537226,0.09167244,0,test
-0.13680122,0.60468426,0,train
-0.47659551,-0.45123813,2,train
-0.41724868,-0.23889061,2,test
0.42336680,-0.88102403,2,train
0.23437314,0.22512619,0,train
0.06773476,-0.35523530,1,test
-0.25671818,-0.67022922,2,train
0.69210392,0.28900301,1,val
-0.14713784,-0.81537674,2,train
0.18423510,-0.85458426,2,train
0.36181373,-0.37922418,1,val
0.65578055,0.59009017,1,train
-0.16185171,-0.79109163,2,train
-0.44446267,-0.48010075,2,train
-0.09052076,0.10690077,2,test
-0.08241557,0.12938137,2,train
-0.08307108,-0.17219206,1,train
0.71748835,-0.03965949,1,train
0.16166730,0.43455873,0,test
-0.15034050,0.12607789,2,train
0.20227634,0.31968589,0,test
-0.37850951,-0.66842098,2,val
0.60241685,-0.11627458,1,val
-0.40945715,-0.07123299,2,val
-0.19984553,-0.72330454,2,train
-0.01609603,-0.29385729,1,train
-0.08035491,-0.26767808,1,test
-0.07019064,0.58021725,0,val
-0.71715001,0.46853362,0,train
0.52403553,-0.21111623,1,val
0.69054697,0.08757123,1,val
0.20344575,0.05137197,0,val
0.70466604,0.30012766,1,train
-0.32355918,0.09982657,2,test
0.03847587,-0.25440766,1,train
-0.31356075,0.14785228,2,train
-0.28086859,-0.54915898,2,train
0.00069508,-0.84056574,2,train
-0.55109515,0.53231768,0,train
-0.19594825,0.66668896,0,train
0.40001714,0.86156432,1,test
-0.20434054,-0.70531432,2,train
0.17700744,0.49302396,0,train
-0.45351601,-0.14548012,2,test
0.70506311,0.14031533,1,train
-0.28784382,0.54170077,0,train
-0.99673156,0.08785062,0,train
0.33906408,-0.34866807,1,train
-0.31043610,0.11376324,2,train
0.15160387,-0.03363124,0,train
0.63307700,0.74355179,1,test
-0.07665535,0.13227219,2,train
0.42786724,-0.84724703,2,val
0.27607308,0.27255788,0,train
0.79161393,0.50404450,1,test
0.25456623,-0.35809698,1,test
0.14757631,-0.01288841,0,val
-0.26256519,-0.72027898,2,test
-0.84100542,0.33724469,0,val
0.23356713,0.09948007,0,train
-0.01262398,-0.32633731,1,train
0.23261294,0.35918260,0,train
0.59636795,-0.25153433,1,train
0.21035591,0.03049442,0,test
-0.10490566,0.14039854,2,train
-0.70304280,0.41686311,0,train
-0.36396645,-0.57519775,2,test
0.22415631,0.15764098,0,val
0.54282696,0.75978688,1,train
0.72764136,0.09249167,1,val
0.22699731,0.25733535,0,train
0.61849839,-0.07777173,1,train
-0.88166208,0.20483555,0,train
-0.38518782,0.49996374,0,test
0.65456898,0.48752252,1,train
0.40468774,-0.38404429,1,train
0.61041071,-0.83129823,2,train
0.76287075,-0.65446969,2,val
-0.21997775,0.59577339,0,train
0.18275938,0.37355859,0,train
-0.15616144,0.16605532,2,train
0.50771766,0.85994732,1,train
0.14337630,0.43465331,0,train
-0.08962418,0.10988716,2,test
0.19967143,0.06763600,0,train
-0.21704410,0.12293230,2,test
-0.18906776,0.19986751,2,test
0.22511563,-0.34454440,1,train
-0.06630113,-0.22940081,1,train
-0.40008945,0.09290267,2,train
-0.45174835,-0.36788587,2,train
-0.46656862,-0.06339951,2,train
-0.29952773,0.10996445,2,train
-0.74761899,0.35564202,0,train
0.38462153,-0.32597188,1,train
-0.46956480,-0.36046539,2,test
0.75483535,0.41020929,1,val
-0.32636763,0.10442926,2,val
-0.04771353,-0.82825098,2,train
-0.18683706,0.09456891,2,test
-0.36010037,-0.00142235,2,train
0.66220493,0.04608450,1,train
0.39748283,-0.38733303,1,train
-0.09030611,0.12748388,2,train
-0.45280621,-0.51578644,2,train
-0.86073365,0.25203173,0,train
-0.81892331,0.14946427,0,train
-0.49478278,-0.24221966,2,train
0.20201646,0.16758098,0,test
-0.27446766,0.09955939,2,train
-0.09409637,-0.22295667,1,test
0.43584180,-0.30847553,1,train
-0.12006310,-0.78431762,2,val
-0.41102185,-0.05708143,2,train
0.47216298,0.78976835,1,train
0.05240551,-0.38153331,1,val
0.17520818,0.00895719,0,val
0.13263572,-0.79282370,2,val
0.74875859,0.10406649,1,train
-0.34037414,0.53451684,0,train
-0.46326978,0.60235256,0,train
0.40013388,0.90630846,1,val
0.53388301,-0.17679982,1,test
0.76221425,0.31619693,1,train
0.63267267,-0.15463274,1,train
0.66622473,-0.08864330,1,train
0.19573271,0.11860255,0,train
0.56942088,0.72709310,1,train
0.35828801,-0.87446226,2,train
0.11037325,-0.32120108,1,test
-0.47333267,-0.07944548,2,test
-0.29661684,0.13095468,2,train
0.11704624,-0.27632151,1,test
0.06091714,-0.29375471,1,train
-0.34899912,-0.70600197,2,val
0.62303953,0.49445352,1,train
-0.04952015,-0.25061544,1,val
0.26524256,0.16755445,0,val
0.63244757,0.54289151,1,test
0.00408939,-0.21452471,1,train
0.22101565,0.09064463,0,train
-0.25319568,0.06910831,2,train
-0.38068519,-0.03966314,2,train
0.05866096,-0.82904684,2,val
-0.10034175,0.16993745,2,train
-0.00081483,-0.23973095,1,train
-0.21976449,0.15387703,2,val
-0.37180447,0.62877587,0,train
-0.04472454,-0.30261293,1,val
-0.71985552,0.33377254,0,test
0.04719924,-0.25853905,1,val
0.28185678,0.23229957,0,train
0.65936374,-0.14679495,1,val
0.14035573,-0.36363927,1,test
0.32703025,-0.82745988,2,train
-0.82863912,0.34591836,0,train
0.19866032,0.18153000,0,test
-0.25516377,0.12335886,2,train
0.51919159,-0.25809625,1,train
-0.41944919,-0.08321781,2,val
0.48906293,-0.16601467,1,test
-0.41723240,-0.58239234,2,val
-0.35590209,0.04678851,2,val
-0.31280375,0.04296243,2,train
-0.89848096,0.10103529,0,test
-0.01984282,0.59884449,0,train
0.27056427,0.17094057,0,test
0.65812526,0.48139313,1,train
-0.02747125,-0.87431774,2,test
-0.11158302,0.16165583,2,train
0.26264701,0.21470057,0,train
0.25936378,0.15971469,0,val
0.13628489,-0.36686795,1,train
0.62910617,0.61964535,1,train
-0.64427712,0.52765562,0,test
0.26161604,0.26793504,0,train
-0.51015081,-0.37336385,2,val
0.24147350,0.07096037,0,train
-0.41471002,-0.23860375,2,test
-0.07770555,-0.18496453,1,val
0.70753313,-0.13337014,1,val
0.07667530,-0.82959833,2,train
-0.88047724,-0.29944262,0,val
0.11240542,0.03258558,0,train
-0.66110084,0.50759846,0,train
-0.06735648,-0.13658246,1,train
-0.46306379,-0.05089932,2,train
0.01965404,0.54716427,0,val
-0.13288835,0.13195652,2,train
0.36755084,-0.29711391,1,val
0.20324108,0.41667201,0,train
0.64626863,0.58168320,1,train
0.64411436,-0.72495505,2,train
0.29129223,-0.35082454,1,test
0.68853367,-0.04096534,1,train
0.72292661,0.05175728,1,test
0.17161075,0.04047968,0,val
0.30433671,0.17207820,0,train
0.19432601,0.02662544,0,train
-0.42382266,-0.18687353,2,test
-0.03704077,-0.26779448,1,test
0.51381279,-0.30815645,1,train
0.19133136,0.36803391,0,val
0.41181388,-0.83174677,2,train
0.10628625,0.40137873,0,train
-0.34874355,0.05160324,2,val
0.40921946,-0.35826930,1,train
0.22094195,0.14758362,0,train
0.24776024,-0.31837289,1,train
0.49324237,-0.85288672,2,test
-0.49712960,-0.20998314,2,test
-0.00244468,-0.30733416,1,train
0.05133055,0.45148230,0,train
0.70694650,0.47147422,1,train
-0.41205435,-0.36255548,2,train
-0.05857366,-0.21820375,1,train
-0.64155442,0.47904869,0,train
-0.85582609,0.37336058,0,train
-0.40544935,0.65443723,0,val
-0.63820768,0.51195712,0,train
0.13325723,0.45624590,0,test
0.42614913,-0.27453007,1,train
0.21534475,0.35090341,0,train
0.11959999,0.54924415,0,test
0.33046014,0.86792046,1,test
0.09688910,-0.90301296,2,train
-0.38431618,0.02189266,2,train
-0.34203970,0.09067405,2,val
-0.48534697,0.61095686,0,test
-0.18647918,0.13714130,2,val
-0.97320635,0.06187118,0,train
-0.06483773,-0.14237947,1,train
0.23857945,0.10898126,0,train
-0.02208626,-0.25140748,1,val
-0.29709502,-0.58262832,2,train
-0.43566763,-0.00098809,2,train
0.61027138,-0.15658308,1,train
-0.07179758,0.55635250,0,test
0.70510982,0.31869647,1,test
0.57726995,-0.75739632,2,test
0.41916681,-0.36127461,1,train
-0.61970634,0.43441758,0,test
0.08836741,-0.31297159,1,train
-0.36556401,0.53413614,0,val
-0.29250944,0.60459703,0,train
0.58882748,0.69057393,1,train
-0.45282828,-0.13315398,2,train
0.42302341,-0.33787441,1,train
0.24924784,0.35423845,0,test
0.56086486,-0.12391332,1,train
-0.49700876,-0.08518863,2,train
0.75918623,0.63388760,1,val
0.75005487,0.20106828,1,train
0.26863110,0.21464681,0,test
0.32594006,-0.29865365,1,train
-0.31325391,0.11883005,2,val
-0.38520856,0.00607942,2,test
-0.13351818,-0.16536468,1,train
-0.87456176,0.14159186,0,train
0.16837612,-0.38719020,1,val
-0.95989833,-0.07885124,0,test
0.60451458,-0.07738285,1,test
0.39354445,-0.37918935,1,train
0.55096283,0.72436622,1,train
0.23320568,0.17830019,0,train
-0.93975206,0.13644027,0,test
0.28892827,-0.88094969,2,val
-0.12412154,-0.80806241,2,train
0.09522497,-0.91161419,2,train
-0.89917789,-0.09044877,0,train
-0.09105242,0.15470304,2,train
0.24453413,-0.33611480,1,train
-0.80237851,0.25718871,0,train
0.06974581,0.46397194,0,train
0.17401969,0.51341153,0,val
-0.76437965,0.36825224,0,test
-0.07679809,0.60824987,0,val
-0.77612424,0.42869454,0,val
0.18991746,-0.35038063,1,train
0.70545882,0.32743827,1,train
0.22622541,0.30543803,0,val
-0.24542579,-0.74572351,2,train
-0.38404745,0.64631991,0,train
0.48132408,0.85084735,1,val
-0.23637407,0.16550756,2,train
-0.23793728,0.22948709,2,train
0.10259788,-0.78939249,2,val
0.69381162,0.22071353,1,val
-0.96190539,0.01404319,0,train
-0.72724567,0.30702694,0,train
0.36925952,0.86636186,1,val
0.09527296,-0.35557599,1,train
0.04636935,0.54339890,0,train
-0.42209750,-0.45438973,2,train
-0.90610293,0.03199452,0,train
-0.06522645,0.61145862,0,train
0.04882372,0.50651159,0,val
0.27068060,-0.37921822,1,test
0.19461559,-0.38849386,1,val
-0.00609658,0.51942023,0,test
-0.19996828,0.56697580,0,val
-0.37226814,-0.56245368,2,train
0.25688094,0.14124323,0,train
0.64579750,0.57271918,1,test
-0.06343896,-0.12827159,1,train
0.60768478,-0.73947955,2,train
0.28016522,0.18513873,0,val
0.00927874,-0.94204732,2,train
-0.11695387,0.55921282,0,test
0.21217023,-0.37018164,1,train
0.67996430,0.53669712,1,test
0.09102263,-0.36276597,1,train
0.22696108,-0.83932154,2,train
0.76857514,0.14118653,1,train
-0.50227974,-0.25343084,2,train
-0.49789588,-0.39103875,2,train
-0.99443271,0.00915003,0,train
-0.04589199,-0.79281785,2,train
-0.48275109,-0.11272752,2,test
-0.41912212,0.53284833,0,val
-0.91137230,0.13377696,0,test
0.78735800,0.24898401,1,train
-0.20305534,0.18500108,2,train
0.29916633,-0.37388590,1,val
0.68687461,-0.02280789,1,train
0.49458659,-0.27803999,1,train
-0.17693401,0.13774008,2,val
-0.54641158,-0.14880933,2,train
0.67045219,-0.04234159,1,val
-0.17047102,0.17677759,2,train
-0.21325725,0.59803926,0,train
0.69988892,0.17949301,1,train
0.16538714,-0.83322596,2,test
-0.43717266,-0.38875169,2,test
-0.88651732,0.18057720,0,train
0.62700665,0.53379878,1,train
0.33742334,0.89698659,1,train
-0.06169566,-0.20121768,1,train
-0.40640110,-0.48222772,2,val
0.39087559,-0.35232272,1,val
0.42882089,0.85723743,1,train
-0.34287524,0.66182196,0,train
0.12722458,0.41134540,0,val
-0.58123867,0.37325059,0,train
0.21756744,0.50434036,0,test
-0.05511103,-0.78674031,2,train
-0.05697400,-0.10631626,1,val
